文本,单选,日期,附件,产品分类,业绩
"家庭致富的十个秘诀,夫妻必看!",爆款口播（500以上点赞）,,,,0
"夫妻对,家富贵",爆款口播（500以上点赞）,,,,0
年前大扫除，这七样东西不要留,爆款口播（500以上点赞）,,,,0
"2026丙午年,多用什么颜色?",爆款口播（500以上点赞）,,,,0
出门前默念这三个字,爆款口播（500以上点赞）,,,,0
2026要格外注意这五件事！,爆款口播（500以上点赞）,,,,0
如何提升孩子的智慧？智慧父母都在悄悄做这件事！,爆款口播（500以上点赞）,,,,0
你家人的正缘将越来越好,爆款口播（500以上点赞）,,,,0
元旦起床第一件事,爆款口播（500以上点赞）,,,,0
年底穿衣有讲究，这五种衣服千万不要买！,爆款口播（500以上点赞）,,,,0
"家庭致富的十个秘诀,夫妻必看!",爆款口播（500以上点赞）,,,,0
"夫妻对,家富贵",爆款口播（500以上点赞）,,,,0
年前大扫除，这七样东西不要留,爆款口播（500以上点赞）,,,,0
"2026丙午年,多用什么颜色?",爆款口播（500以上点赞）,,,,0
出门前默念这三个字,爆款口播（500以上点赞）,,,,0
2026要格外注意这五件事！,爆款口播（500以上点赞）,,,,0
如何提升孩子的智慧？智慧父母都在悄悄做这件事！,爆款口播（500以上点赞）,,,,0
你家人的正缘将越来越好,爆款口播（500以上点赞）,,,,0
元旦起床第一件事,爆款口播（500以上点赞）,,,,0
年底穿衣有讲究，这五种衣服千万不要买！,爆款口播（500以上点赞）,,,,0
2026 年这五种头像，切记不要用！,爆款口播（500以上点赞）,,,,0
2026 不管男人女人，少喝一样东西！,爆款口播（500以上点赞）,,,,0
2026 到底要用什么样的头像？,爆款口播（500以上点赞）,,,,0
言语温暖，内心明亮。,爆款口播（500以上点赞）,,,,0
为何元旦当天不能同房?,爆款口播（500以上点赞）,,,,0
你不知道的这几件事,爆款口播（500以上点赞）,,,,0
冬天不要喝太多水,爆款口播（500以上点赞）,,,,0
男人最大的财富为什么是妻子,爆款口播（500以上点赞）,,,,0
想一直顺下去，记住这句话,爆款口播（500以上点赞）,,,,0
钱主动上门的五个方法,爆款口播（500以上点赞）,,,,0
十月八号开启凤凰腾飞,爆款口播（500以上点赞）,,,,0
相信语言给予自己的力量,爆款口播（500以上点赞）,,,,0
中秋十不做，麻烦不缠身。,爆款口播（500以上点赞）,,,,0
每天念一遍，下半年越来越好。,爆款口播（500以上点赞）,,,,0
学会这三个动作，身体悄悄变好！,爆款口播（500以上点赞）,,,,0
让钱主动上门的八个小妙招。,爆款口播（500以上点赞）,,,,0
女性强大可怕的五个表现。,爆款口播（500以上点赞）,,,,0
当下男女发型该如何选择？,爆款口播（500以上点赞）,,,,0
今年秋天没事多念一串数字。,爆款口播（500以上点赞）,,,,0
孩子书房怎么摆，学习有利前程似锦。,爆款口播（500以上点赞）,,,,0
中秋国庆当天记得做这个动作。,爆款口播（500以上点赞）,,,,0
多念一组数字，你将否极泰来。,爆款口播（500以上点赞）,,,,0
十月凤凰归位，你将迎来腾飞,爆款口播（500以上点赞）,,,,0
女人千万不要找业力重的人做男朋友。,爆款口播（500以上点赞）,,,,0
你越是放松，结果往往越好。,爆款口播（500以上点赞）,,,,0
四种人千万不要进你家门。,爆款口播（500以上点赞）,,,,0
10 月 8 日凤凰归位，你将大腾飞！,爆款口播（500以上点赞）,,,,0
财富的漩涡将你的人生推向高潮。,爆款口播（500以上点赞）,,,,0
为何家里会有很多蚂蚁,爆款口播（500以上点赞）,,,,0
开车千万不要停在这五个地方。,爆款口播（500以上点赞）,,,,0
这几个地方不要去,爆款口播（500以上点赞）,,,,0
你想要的一切其实都在身边。,爆款口播（500以上点赞）,,,,0
如何让孩子贵气一生,爆款口播（500以上点赞）,,,,0
让钱主动上门的五个方法,爆款口播（500以上点赞）,,,,0
中秋节晚上跟泰哥做这个动作,爆款口播（500以上点赞）,,,,0
怎么让家运转起来,爆款口播（500以上点赞）,,,,0
做好两个字你也能腾飞,爆款口播（500以上点赞）,,,,0
今年秋天多念一个数,爆款口播（500以上点赞）,,,,0
跟着泰哥一起念这段话,爆款口播（500以上点赞）,,,,0
牢记这五点养出好儿子,爆款口播（500以上点赞）,,,,0
选对三种头像日子蒸蒸日上,爆款口播（500以上点赞）,,,,0
农历八月八一路发发发,爆款口播（500以上点赞）,,,,0
这四个地方国庆千万不要去,爆款口播（500以上点赞）,,,,0
如何让不如意全部滚蛋,爆款口播（500以上点赞）,,,,0
家中放五样不贵也会富,爆款口播（500以上点赞）,,,,0
最近多念着一串数字,爆款口播（500以上点赞）,,,,0
为什么要善待小猫小狗,爆款口播（500以上点赞）,,,,0
泰哥是如何钱越花越多的,爆款口播（500以上点赞）,,,,0
简单的一招福气享不完,爆款口播（500以上点赞）,,,,0
什么是阴阳水,爆款口播（500以上点赞）,,,,0
哪一种衣服女人不要穿,爆款口播（500以上点赞）,,,,0
旺自己的两个妙招,爆款口播（500以上点赞）,,,,0
哪五样东西不能放孩子房间,爆款口播（500以上点赞）,,,,0
猫狗进你家有什么寓意,爆款口播（500以上点赞）,,,,0
用好四个字你也能轻松赚钱,爆款口播（500以上点赞）,,,,0
8个漏米小习惯,爆款口播（500以上点赞）,,,,0
血月过后多发三个音,爆款口播（500以上点赞）,,,,0
哪五个项目下半年不能碰,爆款口播（500以上点赞）,,,,0
如何把自己养成富婆,爆款口播（500以上点赞）,,,,0
孩子做什么工作未来有前途,爆款口播（500以上点赞）,,,,0
大福气的女人有哪些特征,爆款口播（500以上点赞）,,,,0
女人越没钱越要做好三点,爆款口播（500以上点赞）,,,,0
发大财的秘密,爆款口播（500以上点赞）,,,,0
学会一个心法不缺钱不缺爱,爆款口播（500以上点赞）,,,,0
欺负你的人,爆款口播（500以上点赞）,,,,0
晚上家里千万别做五件事,爆款口播（500以上点赞）,,,,0
女人做到一个字福气多财气多,爆款口播（500以上点赞）,,,,0
手头紧的时候默念几句话,爆款口播（500以上点赞）,,,,0
家里有儿子练好这五点,爆款口播（500以上点赞）,,,,0
多去三个地方人生越走越高,爆款口播（500以上点赞）,,,,0
如何才能链接上大财富,爆款口播（500以上点赞）,,,,0
家里千万不能碰的四个禁忌,爆款口播（500以上点赞）,,,,0
如何斩断身上的穷根,爆款口播（500以上点赞）,,,,0
改运最快的方式其实就一个字,爆款口播（500以上点赞）,,,,0
有些事顺其自然等待结果就行,爆款口播（500以上点赞）,,,,0
下半年的机遇可别错过了,爆款口播（500以上点赞）,,,,0
想要米米多多该如何穿衣,爆款口播（500以上点赞）,,,,0
私密物品借给别人怎么办,爆款口播（500以上点赞）,,,,0
2025下半年做好这两点,爆款口播（500以上点赞）,,,,0
千万不能穿的六种衣服,爆款口播（500以上点赞）,,,,0
2025下半年留心这俩件事!,爆款口播（500以上点赞）,,,,0
五个招米的生活小习惯,爆款口播（500以上点赞）,,,,0
简单的一招每天都能沾财气,爆款口播（500以上点赞）,,,,0
六个小习惯让你越来越旺,爆款口播（500以上点赞）,,,,0
"学会这三个动作,身体悄悄变好",爆款口播（500以上点赞）,,,,0
出门之前默念这三个字,爆款口播（500以上点赞）,,,,0
晚上睡不着试试这一招,爆款口播（500以上点赞）,,,,0
店里生意不好试试这一招,爆款口播（500以上点赞）,,,,0
做好这四点守住你的家运,爆款口播（500以上点赞）,,,,0
一个玄学真相钱越花越多,爆款口播（500以上点赞）,,,,0
闰六月想要诸事顺利，泰哥教你简单一招。,爆款口播（500以上点赞）,,,,0
"大运来临之前,会有什么征兆",爆款口播（500以上点赞）,,,,0
"左眼跳财右眼跳灾,泰哥教你一招",爆款口播（500以上点赞）,,,,0
明白这一点赚钱才会变简单,爆款口播（500以上点赞）,,,,0
哪五样东西千万不能借,爆款口播（500以上点赞）,,,,0
2025如何让自己旺上加旺,爆款口播（500以上点赞）,,,,0
你要翻身了,爆款口播（500以上点赞）,,,,0
两个坏习惯偷走女人的好运,爆款口播（500以上点赞）,,,,0
农历闰六月米米小妙招,爆款口播（500以上点赞）,,,,0
如何走路能走出好运气,爆款口播（500以上点赞）,,,,0
睡前一个动作孩子智慧提升,爆款口播（500以上点赞）,,,,0
不要让别人借走你的私人物品！,爆款口播（500以上点赞）,,,,0
一句能量咒语成为塔尖人物,爆款口播（500以上点赞）,,,,0
三个地方省钱越容易长寿,爆款口播（500以上点赞）,,,,0
家里越干净孩子越富有,爆款口播（500以上点赞）,,,,0
做好一个字拥有大财富,爆款口播（500以上点赞）,,,,0
吃饭的小细节看出别人的福气,爆款口播（500以上点赞）,,,,0
为什么没事要多出去玩,爆款口播（500以上点赞）,,,,0
怎么让孩子越来越有出息,爆款口播（500以上点赞）,,,,0
懂得惜福的人才会有后福,爆款口播（500以上点赞）,,,,0
三个小妙招帮你存住钱,爆款口播（500以上点赞）,,,,0
女人特别掉价的四个行为,爆款口播（500以上点赞）,,,,0
女人如何才能越活越年轻,爆款口播（500以上点赞）,,,,0
孩子别瞎管管好这十条,爆款口播（500以上点赞）,,,,0
学会这一招灾难远离你,爆款口播（500以上点赞）,,,,0
暴富之后千万不能换的东西,爆款口播（500以上点赞）,,,,0
学会这三步你也能有一千万,爆款口播（500以上点赞）,,,,0
听懂财富密码钱越花越多,爆款口播（500以上点赞）,,,,0
想要人生过好的记住这句话。,爆款口播（500以上点赞）,,,,0
泰哥教你一招，愿你轻松来财。,爆款口播（500以上点赞）,,,,0
闰六月做一个动作，2025 才气满满。,爆款口播（500以上点赞）,,,,0
"坚持这八件事,身体越来越好",爆款口播（500以上点赞）,,,,0
简单的两招孩子越飞越高,爆款口播（500以上点赞）,,,,0
今年闰六月发财小妙招,爆款口播（500以上点赞）,,,,0
走大运之前有哪些征兆,爆款口播（500以上点赞）,,,,0
暴富以后哪三件事不能做,爆款口播（500以上点赞）,,,,0
简单的三步让你人生大逆转,爆款口播（500以上点赞）,,,,0
身体越养越年轻的八个真相,爆款口播（500以上点赞）,,,,0
"孩子的书桌怎么摆,对他更有利?",爆款口播（500以上点赞）,,,,0
为何会花钱才能守住财富?,爆款口播（500以上点赞）,,,,0
女人自带财运的六大特征,爆款口播（500以上点赞）,,,,0
"想要人生过得好,记住这句话",爆款口播（500以上点赞）,,,,0
一个小动作事业越干越大,爆款口播（500以上点赞）,,,,0
好运的女人有哪五个特征,爆款口播（500以上点赞）,,,,0
用好这三招孩子越飞越高,爆款口播（500以上点赞）,,,,0
为什么留不住财注意这个行为,爆款口播（500以上点赞）,,,,0
女人如何让自己自带财气,爆款口播（500以上点赞）,,,,0
兜里比脸还干净，试试这个方法！,爆款口播（500以上点赞）,,,,0
兜里比脸还干净，试试这个方法！,爆款口播（500以上点赞）,,,,0
用这个心法睡觉提升你的气质,爆款口播（500以上点赞）,,,,0
女人如何让自己越来越有福气?,爆款口播（500以上点赞）,,,,0
去哪里旅游对孩子更好,爆款口播（500以上点赞）,,,,0
做好这五点好运追你跑,爆款口播（500以上点赞）,,,,0
书桌如何摆放有利于孩子学习,爆款口播（500以上点赞）,,,,0
女人和孩子有类东西要少碰,爆款口播（500以上点赞）,,,,0
如何用辣椒给自己带来好运,爆款口播（500以上点赞）,,,,0
一个简单方法让财富增多,爆款口播（500以上点赞）,,,,0
"你越是放松,结果往往就会越好!",爆款口播（500以上点赞）,,,,0
玄学小妙招让你财富变多,爆款口播（500以上点赞）,,,,0
守好这两点好运追你跑,爆款口播（500以上点赞）,,,,0
"为何有的夫妻越过越好,有的越过越累?",爆款口播（500以上点赞）,,,,0
"想要家运好,四点诀窍要记牢",爆款口播（500以上点赞）,,,,0
"当下女生切记,这种衣服不要穿!",爆款口播（500以上点赞）,,,,0
看看自己适合什么运动,爆款口播（500以上点赞）,,,,0
搞懂两个字生活越来越好,爆款口播（500以上点赞）,,,,0
简单的两步享受财富人生,爆款口播（500以上点赞）,,,,0
"存钱最快的方法,是多做善事?",爆款口播（500以上点赞）,,,,0
"穿衣穿的对,完事皆顺遂!",爆款口播（500以上点赞）,,,,0
按这两步花钱钱会越花越多,爆款口播（500以上点赞）,,,,0
准备七颗荔枝全家夏至福至,爆款口播（500以上点赞）,,,,0
"戒掉穷根,才能积累财富",爆款口播（500以上点赞）,,,,0
"无论男人女人,切记不要乱睡!",爆款口播（500以上点赞）,,,,0
做人必须知道的四个小心机,爆款口播（500以上点赞）,,,,0
"心念的力量,会让你越来越好!",爆款口播（500以上点赞）,,,,0
女人做好这点你也能暴富,爆款口播（500以上点赞）,,,,0
暑假带孩子去这三个地方玩,爆款口播（500以上点赞）,,,,0
为什么老板要经常出去玩,爆款口播（500以上点赞）,,,,0
夏天必吃的五种养生蔬菜,爆款口播（500以上点赞）,,,,0
出去玩这样做你将越来越富有,爆款口播（500以上点赞）,,,,0
普通人破局第一步是什么,爆款口播（500以上点赞）,,,,0
进入这个频率你也能有如神助,爆款口播（500以上点赞）,,,,0
一个简单办法贵人来相助,爆款口播（500以上点赞）,,,,0
听懂两句话你将幸福觉醒,爆款口播（500以上点赞）,,,,0
泰哥教你吸引力法则,爆款口播（500以上点赞）,,,,0
一个小妙招财富越来越多,爆款口播（500以上点赞）,,,,0
"谁对老人好,谁最后就过得好",爆款口播（500以上点赞）,,,,0
100 集财富小妙招 (十一)泰哥教你聚财锁財,爆款口播（500以上点赞）,,,,0
"房子越干净,子女就越富有!",爆款口播（500以上点赞）,,,,0
发横财之前有哪些征兆,爆款口播（500以上点赞）,,,,0
简单的三步你也能有钱有闲,爆款口播（500以上点赞）,,,,0
简单的一招让你不再漏财,爆款口播（500以上点赞）,,,,0
学会这个心法你也能干成大事,爆款口播（500以上点赞）,,,,0
下半年切记千万不要晒这些事,爆款口播（500以上点赞）,,,,0
一个小动作人生大逆转,爆款口播（500以上点赞）,,,,0
过得清闲是有福气的表现,爆款口播（500以上点赞）,,,,0
夫妻越过越好的相处之道是什么?,爆款口播（500以上点赞）,,,,0
孩子出门在外切记要多祝福,爆款口播（500以上点赞）,,,,0
"这两个时间点,切记不要洗澡",爆款口播（500以上点赞）,,,,0
你将越来越漂亮,爆款口播（500以上点赞）,,,,0
"家里有这四样,赶紧丢掉!",爆款口播（500以上点赞）,,,,0
"心眼好有德行的人,才能一路顺遂!",爆款口播（500以上点赞）,,,,0
"大师说你破财,漏财应该如何处理?",爆款口播（500以上点赞）,,,,0
女人一定要舍掉的三个点,爆款口播（500以上点赞）,,,,0
装作很顺利你就能很顺利,爆款口播（500以上点赞）,,,,0
越来越有钱的四个秘密!,爆款口播（500以上点赞）,,,,0
"用好这六个心法,你会越来越旺!",爆款口播（500以上点赞）,,,,0
"负债压身易焦虑,教你简单一招!",爆款口播（500以上点赞）,,,,0
"床底放四样,招财旺运!",爆款口播（500以上点赞）,,,,0
翻身前的预兆你占了几条,爆款口播（500以上点赞）,,,,0
如何过上你想要的美好生活,爆款口播（500以上点赞）,,,,0
家里为什么不要有空瓶子空箱子,爆款口播（500以上点赞）,,,,0
今日芒种一起种下种子,爆款口播（500以上点赞）,,,,0
如何用两个心让自己贵人连连,爆款口播（500以上点赞）,,,,0
"公司店铺生意不好,试试这一招!",爆款口播（500以上点赞）,,,,0
两样东西不往外借，三样东西不往回接,爆款口播（500以上点赞）,,,,0
简单一招教你如何驾驭财富,爆款口播（500以上点赞）,,,,0
真正的亿万富豪有什么特征,爆款口播（500以上点赞）,,,,0
100 集财富小妙招 (十).冬天出生的人画什么样的妆?,爆款口播（500以上点赞）,,,,0
为什么说不要经常洗澡?,爆款口播（500以上点赞）,,,,0
担心是诅咒祝福是护佑,爆款口播（500以上点赞）,,,,0
"端午节艾草怎么挂,才是正确的?",爆款口播（500以上点赞）,,,,0
女人如何选择旺自己的衣服,爆款口播（500以上点赞）,,,,0
"注意四个问题,守护美好家庭",爆款口播（500以上点赞）,,,,0
冬天出生的美女如何穿衣化妆,爆款口播（500以上点赞）,,,,0
哪三种衣服女人夏天不要穿,爆款口播（500以上点赞）,,,,0
三种衣服女人切记不要乱穿！,爆款口播（500以上点赞）,,,,0
"女人切记要少干活,不要过度劳累",爆款口播（500以上点赞）,,,,0
100 集财富小妙招 (六).偷偷告诉你暴富秘籍,爆款口播（500以上点赞）,,,,0
牢记三句话日子越过越好,爆款口播（500以上点赞）,,,,0
泰哥教大家一个提升財富的妙招！,爆款口播（500以上点赞）,,,,0
为什么有小满没有大满节气,爆款口播（500以上点赞）,,,,0
翻身致富的秘籍，揭秘如何清理业力！,爆款口播（500以上点赞）,,,,0
"一个人在走运之前,气是先到的",爆款口播（500以上点赞）,,,,0
"戴首饰的四个讲究,你戴对了吗?",爆款口播（500以上点赞）,,,,0
如何在2025年赚大钱,爆款口播（500以上点赞）,,,,0
如何让自己的钱越存越多,爆款口播（500以上点赞）,,,,0
学会这三步你也是大富翁,爆款口播（500以上点赞）,,,,0
"小满节气三不做,健康过夏要牢记",爆款口播（500以上点赞）,,,,0
坚定自己是什么样的人，就会成为什么样的人,爆款口播（500以上点赞）,,,,0
100 集财富小妙招 (三)：钱如何越存越多？,爆款口播（500以上点赞）,,,,0
100 集财富小妙招 (五)：520 做两件事。,爆款口播（500以上点赞）,,,,0
孩子的能量场如何守护,爆款口播（500以上点赞）,,,,0
端午马上到了如何制作午阳水,爆款口播（500以上点赞）,,,,0
"想要米米多多,家里多种花草",爆款口播（500以上点赞）,,,,0
"出门办事之前,心里默念一句话",爆款口播（500以上点赞）,,,,0
"坚定自己是什么样的人,你就会成为什么样的人",爆款口播（500以上点赞）,,,,0
好运真的能被念出来吗,爆款口播（500以上点赞）,,,,0
女人好好穿化人生就能开挂,爆款口播（500以上点赞）,,,,0
用好四个字你将幸福一生,爆款口播（500以上点赞）,,,,0
"最近状态不好的伙伴,教你一个小妙招",爆款口播（500以上点赞）,,,,0
想要人生越过越旺记住这五点。,爆款口播（500以上点赞）,,,,0
怎么让钱包越来越鼓,爆款口播（500以上点赞）,,,,0
立夏以后要多吃哪样食物,爆款口播（500以上点赞）,,,,0
衣服穿的对，米米少不了！,爆款口播（500以上点赞）,,,,0
"女性戴饰品,应该如何选择",爆款口播（500以上点赞）,,,,0
怎么穿衣服容易暴富,爆款口播（500以上点赞）,,,,0
家有三不动日子一定红,爆款口播（500以上点赞）,,,,0
"这四种衣服切记,不要随便穿",爆款口播（500以上点赞）,,,,0
立夏过后吃一物，2025 财富翻翻。,爆款口播（500以上点赞）,,,,0
立夏有五忌一定要牢记,爆款口播（500以上点赞）,,,,0
立夏节气,爆款口播（500以上点赞）,,,,0
假若你的运气不好，切记不去四个地方。,爆款口播（500以上点赞）,,,,0
戴手链的三条禁忌,爆款口播（500以上点赞）,,,,0
用三种方式花钱让钱越花越多,爆款口播（500以上点赞）,,,,0
用好这两招不缺钱不缺爱,爆款口播（500以上点赞）,,,,0
做好这五点钱会主动找你,爆款口播（500以上点赞）,,,,0
换大运之前有哪些信号,爆款口播（500以上点赞）,,,,0
如何让孩子出人头地,爆款口播（500以上点赞）,,,,0
"五一立夏家里有鸡蛋,赶紧试试这一招!",爆款口播（500以上点赞）,,,,0
如何让老公的事业水涨船高,爆款口播（500以上点赞）,,,,0
坚持一个动作保持好运连连,爆款口播（500以上点赞）,,,,0
做好三个字灾难磨难全远离,爆款口播（500以上点赞）,,,,0
生意越做越大的五个秘密!# 传统文化 # 生意兴隆财源滚滚 # 职场,爆款口播（500以上点赞）,,,,0
如何让横财主动找上门,爆款口播（500以上点赞）,,,,0
五一旅游用这招调成吸金体质,爆款口播（500以上点赞）,,,,0
坚持一个动作增加你的福气,爆款口播（500以上点赞）,,,,0
大耘来之前，会有什么征兆？,爆款口播（500以上点赞）,,,,0
人生想要变好，做到一件事,爆款口播（500以上点赞）,,,,0
你家孩子以后肯定有大出息,爆款口播（500以上点赞）,,,,0
暴富以后哪四件事不能做,爆款口播（500以上点赞）,,,,0
穿衣颜色有讲究!这样穿旺自己!,爆款口播（500以上点赞）,,,,0
"做到这五点,2025越来越旺!",爆款口播（500以上点赞）,,,,0
"真正的好命,都是先苦后甜",爆款口播（500以上点赞）,,,,0
换大耘之前会有什么征兆?,爆款口播（500以上点赞）,,,,0
旺自己的八个小技巧,爆款口播（500以上点赞）,,,,0
人转运最快的方式，你就记住三点叫天补地补人补,爆款口播（500以上点赞）,,,,0
谷雨节气习俗一不吃二要做,爆款口播（500以上点赞）,,,,0
牢记四条忠告，人生越过越好,爆款口播（500以上点赞）,,,,0
敢于打破舒适圈提升自己,爆款口播（500以上点赞）,,,,0
每天起床要做的八件事！,爆款口播（500以上点赞）,,,,0
如何让老公财运越来越好,爆款口播（500以上点赞）,,,,0
每天早上起床记得做这件事,爆款口播（500以上点赞）,,,,0
"相信低谷期的自己,一定会逆转,",爆款口播（500以上点赞）,,,,0
"人生想要福报满满,记住这五不说",爆款口播（500以上点赞）,,,,0
用好一个字让你越来越富贵,爆款口播（500以上点赞）,,,,0
让钱主动找上门的五个小妙招！,爆款口播（500以上点赞）,,,,0
如何通过穿衣给自己带来富贵,爆款口播（500以上点赞）,,,,0
为什么说听老婆话的男人福气最好？,爆款口播（500以上点赞）,,,,0
女人富养自己最好的方式是什么？,爆款口播（500以上点赞）,,,,0
夫妻之间应该谁管钱,爆款口播（500以上点赞）,,,,0
学会这一招你也能大富大贵,爆款口播（500以上点赞）,,,,0
扔掉三样东西生活越来越好,爆款口播（500以上点赞）,,,,0
如何让钱主动来找你,爆款口播（500以上点赞）,,,,0
"女性饰品应该怎么选,对自己更好?",爆款口播（500以上点赞）,,,,0
"每天出门默念一句话,让钱主动找上门!",爆款口播（500以上点赞）,,,,0
有慧根的女人是什么样的?,爆款口播（500以上点赞）,,,,0
每天起床一定要做这件事,爆款口播（500以上点赞）,,,,0
"2025年想要耘气好,记住这四个字!",爆款口播（500以上点赞）,,,,0
房子真的越大越好吗,爆款口播（500以上点赞）,,,,0
简单的一招轻松远离霉运,爆款口播（500以上点赞）,,,,0
不顺心的时候记住八句话,爆款口播（500以上点赞）,,,,0
学会一句妙语让你人生开挂,爆款口播（500以上点赞）,,,,0
女人到了中年，只能靠这三样！,爆款口播（500以上点赞）,,,,0
"学会演戏,你就成功了98%",爆款口播（500以上点赞）,,,,0
车里有三样东西千万不要放。,爆款口播（500以上点赞）,,,,0
如何快速清除身上的霉运,爆款口播（500以上点赞）,,,,0
"简单一招,2025福气满满",爆款口播（500以上点赞）,,,,0
女人如何保护好自己的能量场,爆款口播（500以上点赞）,,,,0
"想改变命运,从改变说话开始",爆款口播（500以上点赞）,,,,0
吃饭的碗有哪些讲究,爆款口播（500以上点赞）,,,,0
如何在睡觉时都能收获满满,爆款口播（500以上点赞）,,,,0
感觉能量不足就多吃它,爆款口播（500以上点赞）,,,,0
"刷到泰哥的人,都是有福报的人",爆款口播（500以上点赞）,,,,0
"穿衣禁忌,这种衣服千万不要穿",爆款口播（500以上点赞）,,,,0
春天一个动作让你好运,爆款口播（500以上点赞）,,,,0
不做三件事好运自然来,爆款口播（500以上点赞）,,,,0
怎么走路才能越走越有运,爆款口播（500以上点赞）,,,,0
什么样的房子越住越旺,爆款口播（500以上点赞）,,,,0
一个家要走上坡路离不开这样的女人。,爆款口播（500以上点赞）,,,,0
"过好三月三,今后日子不一般",爆款口播（500以上点赞）,,,,0
多吃一种食物补充你的能量,爆款口播（500以上点赞）,,,,0
"发大财的人,都懂得挑选发财屋",爆款口播（500以上点赞）,,,,0
"泰哥教你简单一招,破译大财富咒语,",爆款口播（500以上点赞）,,,,0
暴富后千万不能干的四件事,爆款口播（500以上点赞）,,,,0
"想要人生直线上升,这两个字很重要",爆款口播（500以上点赞）,,,,0
"坚持一个动作,2025福气满满",爆款口播（500以上点赞）,,,,0
"夫妻怎么做,家宅兴旺子孙兴旺",爆款口播（500以上点赞）,,,,0
女人一定要远离这种男人,爆款口播（500以上点赞）,,,,0
"有这四种特征的对象,千万不要找!",爆款口播（500以上点赞）,,,,0
"多吃一种食物,补充你的能量",爆款口播（500以上点赞）,,,,0
女人想赚钱先丢掉这五样,爆款口播（500以上点赞）,,,,0
怎么判断房子里面有没有财气,爆款口播（500以上点赞）,,,,0
坚持一件事喜事好事都追你,爆款口播（500以上点赞）,,,,0
什么样的房子要赶紧搬家,爆款口播（500以上点赞）,,,,0
"耘势不好状态不好,多用这个植物",爆款口播（500以上点赞）,,,,0
一个玄学妙招.用好文字改变人生,爆款口播（500以上点赞）,,,,0
哪四种头像千万不能用,爆款口播（500以上点赞）,,,,0
清明节祭祖不能干的八件事,爆款口播（500以上点赞）,,,,0
"春天走对这三个地方,财运会悄悄找上门",爆款口播（500以上点赞）,,,,0
清明节上坟，别被谣言骗了！,爆款口播（500以上点赞）,,,,0
三个字改变人生？亲测有效的语言开运术！,爆款口播（500以上点赞）,,,,0
什么睡衣和床单千万不能用,爆款口播（500以上点赞）,,,,0
装聋作哑装瞎就会越来越好,爆款口播（500以上点赞）,,,,0
心想事成的小妙招,爆款口播（500以上点赞）,,,,0
一个小妙招让男人财源滚滚,爆款口播（500以上点赞）,,,,0
搬到新房子千万不能干的事,爆款口播（500以上点赞）,,,,0
清明节祭祖有四个禁忌,爆款口播（500以上点赞）,,,,0
"晨起三句话,时来运转好运连连",爆款口播（500以上点赞）,,,,0
人生逆转的核心只有两个字,爆款口播（500以上点赞）,,,,0
夫妻之间千万不要分床睡,爆款口播（500以上点赞）,,,,0
哪三种人适合养狗,爆款口播（500以上点赞）,,,,0
想要好运连连秘诀是什么,爆款口播（500以上点赞）,,,,0
春天要多吃什么东西,爆款口播（500以上点赞）,,,,0
拍照有哪些禁忌,爆款口播（500以上点赞）,,,,0
你找大师给你算过命吗,爆款口播（500以上点赞）,,,,0
办公室放什么植物对财富有利,爆款口播（500以上点赞）,,,,0
"出人头地不是偶然,你的孩子注定不一般!",爆款口播（500以上点赞）,,,,0
"旺自己的八大心法,幸福耘气都在这!",爆款口播（500以上点赞）,,,,0
惊蛰吃三样健康福绵长,爆款口播（500以上点赞）,,,,0
二月二龙抬头,爆款口播（500以上点赞）,,,,0
搬家结婚签合同应该挑什么日子,爆款口播（500以上点赞）,,,,0
千万不能犯的三个禁忌,爆款口播（500以上点赞）,,,,0
"长期独处的女性,都是特别聪明的人",爆款口播（500以上点赞）,,,,0
"女人想要幸福好运,一定要戒掉一个动作",爆款口播（500以上点赞）,,,,0
老天会赐好运给什么样的女人,爆款口播（500以上点赞）,,,,0
"这四种头像,千万不要乱用",爆款口播（500以上点赞）,,,,0
"家里再有钱,也要记住这几句话",爆款口播（500以上点赞）,,,,0
"除夕六不做,做了穷一年",爆款口播（500以上点赞）,,,,0
亲人走了以后哪件事不能干,爆款口播（500以上点赞）,,,,0
为什么女孩子今年要穿紫色？,爆款口播（500以上点赞）,,,,0
文曲星降临，你家孩子将有大福！,爆款口播（500以上点赞）,,,,0
二月二龙抬头这几件事记得做,爆款口播（500以上点赞）,,,,0
怎么看一个人招不招财,爆款口播（500以上点赞）,,,,0
早上一个动作孩子会越来越好,爆款口播（500以上点赞）,,,,0
睡觉的床应该如何摆放,爆款口播（500以上点赞）,,,,0
家中有三样不败也要亡,爆款口播（500以上点赞）,,,,0
出门谈生意默念三句话,爆款口播（500以上点赞）,,,,0
夫妻感情不好应该如何处理,爆款口播（500以上点赞）,,,,0
腊月洗澡有讲究顺应节气保健康,爆款口播（500以上点赞）,,,,0
哪四件事千万不能分享,爆款口播（500以上点赞）,,,,0
哪三件事腊月必须要做,爆款口播（500以上点赞）,,,,0
一个小妙招更有气质和福气,爆款口播（500以上点赞）,,,,0
今年扫尘日要念这几句话,爆款口播（500以上点赞）,,,,0
哪一种人千万不能招惹,爆款口播（500以上点赞）,,,,0
这五个点夫妻不要对外说,爆款口播（500以上点赞）,,,,0
枕边放三物健康又致富,爆款口播（500以上点赞）,,,,0
春节鞭炮怎么放记住这几个点,爆款口播（500以上点赞）,,,,0
家里的植物应该怎么摆放,爆款口播（500以上点赞）,,,,0
在家里不能犯的四个禁忌,爆款口播（500以上点赞）,,,,0
女人自带财气的三个表现,爆款口播（500以上点赞）,,,,0
你将越来越好你将否极泰来,爆款口播（500以上点赞）,,,,0
做好两个字人生处处是贵人,爆款口播（500以上点赞）,,,,0
钱财被骗竟然是好事,爆款口播（500以上点赞）,,,,0
你的好运气是怎么被偷走的,爆款口播（500以上点赞）,,,,0
年初一做个动作顺风顺水一整年,爆款口播（500以上点赞）,,,,0
如何才能拥有富足的人生,爆款口播（500以上点赞）,,,,0
暴富以后千万不能干的几件事,爆款口播（500以上点赞）,,,,0
你不发财天理不容,爆款口播（500以上点赞）,,,,0
如何打造属于自己的财富磁场,爆款口播（500以上点赞）,,,,0
人生四不说福报自然来,爆款口播（500以上点赞）,,,,0
想要家庭幸福避免这三种情况,爆款口播（500以上点赞）,,,,0
如何让我们的福报源源不断,爆款口播（500以上点赞）,,,,0
多给自己洗心你就能富贵一生,爆款口播（500以上点赞）,,,,0
你的大财要到了,爆款口播（500以上点赞）,,,,0
用好三个点2025你将起飞,爆款口播（500以上点赞）,,,,0
如何让好运始终伴着你,爆款口播（500以上点赞）,,,,0
如何让家庭和谐兴旺,爆款口播（500以上点赞）,,,,0
成为人生赢家的二字秘诀,爆款口播（500以上点赞）,,,,0
好命的女人有哪三个特质,爆款口播（500以上点赞）,,,,0
做到两个字你将拥有大成就,爆款口播（500以上点赞）,,,,0
远离五种人立马变好运,爆款口播（500以上点赞）,,,,0
戒掉一个动作远离麻烦与灾难,爆款口播（500以上点赞）,,,,0
为何靠近泰哥人生就会变好,爆款口播（500以上点赞）,,,,0
女人做好三个点就能富贵一生,爆款口播（500以上点赞）,,,,0
除夕做哪件事对明年最有利,爆款口播（500以上点赞）,,,,0
大年初一这样做好运一整年,爆款口播（500以上点赞）,,,,0
蛇年行大运,爆款口播（500以上点赞）,,,,0
家中四满富贵吉祥,爆款口播（500以上点赞）,,,,0
枕头底下放什么东西,爆款口播（500以上点赞）,,,,0
初四晚上这样做财神自然到你家,爆款口播（500以上点赞）,,,,0
改掉三个习惯你将贵人不断,爆款口播（500以上点赞）,,,,0
睡觉的枕头有哪些讲究,爆款口播（500以上点赞）,,,,0
男人一生中最大的贵人是谁,爆款口播（500以上点赞）,,,,0
怎么样花钱能让钱越来越多,爆款口播（500以上点赞）,,,,0
女人财运不顺床底放4样,爆款口播（500以上点赞）,,,,0
女人吃什么人生往上走,爆款口播（500以上点赞）,,,,0
福气过日子的最高境界,爆款口播（500以上点赞）,,,,0
正月十四做好一守一试,爆款口播（500以上点赞）,,,,0
元宵节小口诀有空就默念,爆款口播（500以上点赞）,,,,0
有福气灵气的人有什么特征,爆款口播（500以上点赞）,,,,0
如何通过手看人有没有钱,爆款口播（500以上点赞）,,,,0
老天会赐好运给哪种女人,爆款口播（500以上点赞）,,,,0
如何让自己变成招财体质的人,爆款口播（500以上点赞）,,,,0
想要家庭兴旺先做好这两点,爆款口播（500以上点赞）,,,,0
怎样才能让钱主动追着你跑,爆款口播（500以上点赞）,,,,0
"孩子的转运点到了,天赐良机",爆款口播（500以上点赞）,,,,0
"每天一句温暖话,孩子未来更精彩",爆款口播（500以上点赞）,,,,0
"关于碗的习俗,你了解多少?",爆款口播（500以上点赞）,,,,0
"除夕三不穿,蛇年财富顺",爆款口播（500以上点赞）,,,,0
"年底了,我们之前不穿的旧衣服该怎么办?",爆款口播（500以上点赞）,,,,0
"简单小妙招,让你2025财富满满",爆款口播（500以上点赞）,,,,0
"陷入痛苦负能量满满时,念念这个快乐咒语",爆款口播（500以上点赞）,,,,0
"避开八个小行为,不再漏财",爆款口播（500以上点赞）,,,,0
"旧衣服怎么处理,对我们自己更好",爆款口播（500以上点赞）,,,,0
"两个简单小动作,增加你的财气福气",爆款口播（500以上点赞）,,,,0
翻身走运前的六大征兆,爆款口播（500以上点赞）,,,,0
2025提升运势的九条玄学真相,爆款口播（500以上点赞）,,,,0
千万不要在床头放着四样物品!,爆款口播（500以上点赞）,,,,0
正月十五元宵节快乐,爆款口播（500以上点赞）,,,,0
"女人想要福气满满,记住这四不说",爆款口播（500以上点赞）,,,,0
如何让自己有花不完钱?,爆款口播（500以上点赞）,,,,0
"春天开运的秘密,99%的人都不知道,",爆款口播（500以上点赞）,,,,0
"立春时节万象新,愿你福运连连",爆款口播（500以上点赞）,,,,0
钱财被骗竟然是好事,爆款口播（500以上点赞）,,,,0
你将越来越好你将否极泰来,爆款口播（500以上点赞）,,,,0
在家里不能犯得四个禁忌,爆款口播（500以上点赞）,,,,0
家里的植物应该怎么摆放,爆款口播（500以上点赞）,,,,0
腊月要做的三件事,爆款口播（500以上点赞）,,,,0
"今年大扫除的最佳日子
大扫除要说这几句吉祥话",爆款口播（500以上点赞）,,,,0
2026所有女人多戴一个颜色,泰富手链,,,,0
2026 搞事业女人要有的一个东西。,泰富手链,,,,0
"生意人上班族,戴什么样的饰品最旺?",泰富手链,,,,0
"清明前后昏昏沉沉,试试这一招",柚来财香水,,,,0
"出现六个征兆,一定要注意!",柚来财香水,,,,0
为什么身上要有淡淡香味？,柚来财香水,,,,0
出门前记得带瓶水!,柚来财香水,,,,0
2026年这个地方要格外注意,柚来财香水,,,,0
#好物 #香水,柚来财香水,,,,0
人无横财不富，马无夜草不肥,柚来财香水,,,,0
2026用这个给自己换个状态,柚来财香水,,,,0
越倒霉的时候越要给自己买礼物,柚来财香水,,,,0
不是大牌买不起而是柚叶更有性价比,柚来财香水,,,,0
出现6种情况女人要当心,柚来财香水,,,,0
女人想越来越好，切记不要有这三点,柚来财香水,,,,0
女人跟着泰哥选对香。,柚来财香水,,,,0
女人如何去做人生才能支棱起来？,柚来财香水,,,,0
为什么女人身上要有香味？,柚来财香水,,,,0
为什么这个香水很多人说好,柚来财香水,,,,0
你的偏米米将越来越好,柚来财香水,,,,0
出门住酒店，注意这几件事！,柚来财香水,,,,0
出门前一个动作偏米越来越多,柚来财香水,,,,0
如何能让偏米越来越好,柚来财香水,,,,0
中元节前后多做一个动作,柚来财香水,,,,0
"中元节晚上,不要去这五个地方!",柚来财香水,,,,0
为什么农历七月女人孩子注意,柚来财香水,,,,0
中元节不能去哪五个地方,柚来财香水,,,,0
出现六个征兆一定要注意,柚来财香水,,,,0
近期状态不好喷它试一试,柚来财香水,,,,0
为何气味对状态影响这么大！,柚来财香水,,,,0
出现六个情况千万要注意,柚来财香水,,,,0
如何让偏米越来越好,柚来财香水,,,,0
出现6个信号担心别人借运,柚来财香水,,,,0
"心力弱y气重的女生,泰哥教你用一招",柚来财香水,,,,0
"每天喷一喷,横米越来越多",柚来财香水,,,,0
如何让自己拥有大偏财运,柚来财香水,,,,0
早晨一个动作横米越来越多,柚来财香水,,,,0
心力弱阴气重试试这一招,柚来财香水,,,,0
状态不好没灵感一招教你解决,柚来财香水,,,,0
远离三种相人生越来越旺,柚来财香水,,,,0
所有女性毒五月要格外注意了,柚来财香水,,,,0
用好这个方法人生持续上升,柚来财香水,,,,0
出现这些信号女人要千万注意,柚来财香水,,,,0
谈大生意之前要做哪个动作,柚来财香水,,,,0
"每天持续用一招,2025惊喜不断",柚来财香水,,,,0
"近期状态不好,试试这一招!",柚来财香水,,,,0
简单的三招教你走出低谷期,柚来财香水,,,,0
泰哥做重要事前，都做什么动作？,柚来财香水,,,,0
一个简单的动作提升做事成功率。,柚来财香水,,,,0
每天涂一涂人生直线上升,柚来财香水,,,,0
广东富豪那么多到底是什么原因,柚来财香水,,,,0
"去医院和某些地方后,记得",柚来财香水,,,,0
五月这个动作都要学起来 #国学文化 #智慧人生 #提升,柚来财香水,,,,0
当你看到这条视频时，就是时来运转之时。,柚来财香水,,,,0
女性额头点一点好运好事自然来,柚来财香水,,,,0
"去医院看朋友,记得做这个动作,",柚来财香水,,,,0
"额头点一点,好耘自然来",柚来财香水,,,,0
"远离三种“相”,愿你2025越来越好!",柚来财香水,,,,0
出门前简单三招，好事你想不到,柚来财香水,,,,0
如果家里总是这样，可得注意了。,遇水则发地垫,,,,0
什么方法洗澡越洗越有,遇水则发地垫,,,,0
今年家里这款地垫安排上,遇水则发地垫,,,,0
今年这个在家偷偷放起来,遇水则发地垫,,,,0
今年咱家里也要养一种花,遇水则发地垫,,,,0
偷偷放个东西,遇水则发地垫,,,,0
家里有卫生间的注意,遇水则发地垫,,,,0
家里总吵架试试这个地垫,遇水则发地垫,,,,0
卫生间门口应该放什么,遇水则发地垫,,,,0
洗澡竟然能越洗越有,遇水则发地垫,,,,0
富豪家的共同点刷到照做,遇水则发地垫,,,,0
今年家里多养一种花,遇水则发地垫,,,,0
今年家家户户一定要养一种花,遇水则发地垫,,,,0
"2026要格外注意,家里这个地方",遇水则发地垫,,,,0
"2026家里这个位置,一定要重视起来",遇水则发地垫,,,,0
家里洗澡这个地方到底有多重要,遇水则发地垫,,,,0
如何提升自己的气质?,凤九狐狸吊坠,,,,0
#好物 #吊坠,凤九狐狸吊坠,,,,0
"李姐做了什么,老公大变样?",凤九狐狸吊坠,,,,0
女人的包包千万处理好,流沙钥匙扣,,,,0
女人的包包千万处理好,流沙钥匙扣,,,,0
女人留不住钱，试试这样做！,财箱包,,,,0
#好物 #包包 #財箱包,财箱包,,,,0
#好物 #包包 #財箱包,财箱包,,,,0
#好物 #包包 #財箱包,财箱包,,,,0
#好物 #包包 #財箱包,财箱包,,,,0
#好物 #包包 #財福包,财箱包,,,,0
2026所有女人包包里装一物,财箱包,,,,0
女人年底如何做2026压满仓,财箱包,,,,0
为什么富婆明星那么爱买包包,财箱包,,,,0
泰哥教你一个大米的真相,财箱包,,,,0
富婆在背什么样的包包,财箱包,,,,0
女人买包的快乐你知道吗！,财箱包,,,,0
女人除夕过后有三不买,财箱包,,,,0
你知道吗？原来包包也有公母,财箱包,,,,0
新一年姐妹给自己买个新包,财箱包,,,,0
女人年底背这个包包！,财箱包,,,,0
一招教你往上翻一番,财箱包,,,,0
再没实力都要准备这样一个包,财箱包,,,,0
富婆都在背的包包究竟是什么,财箱包,,,,0
富婆在背什么样的包包,财箱包,,,,0
元旦过后女人有三不买,财箱包,,,,0
新年翻一番 教你一个妙招,财箱包,,,,0
富婆都在用的财箱 让你明年翻一番,财箱包,,,,0
泰哥新款包包用了都说好！,财箱包,,,,0
女人买包的快乐你知道吗！#好物 #包包 #財箱包,财箱包,,,,0
女人年底背这个包包！#好物 #財箱包,财箱包,,,,0
多用一个颜色的财箱,财箱包,,,,0
美女粉丝背包半个月，惊喜连连。,财箱包,,,,0
女人2026如何翻一番,财箱包,,,,0
年底想翻番，试试这个包。,财箱包,,,,0
泰哥这款包包为何这么好,财箱包,,,,0
为什么元旦当天床头要放一物,财箱包,,,,0
年底小妙招，米米翻番,财箱包,,,,0
女人不要买二手奢侈品包包,财箱包,,,,0
大家都在背这个包到底好在哪？,财箱包,,,,0
女人多配这个包包!,财箱包,,,,0
配上这个材箱真的能翻几番？,财箱包,,,,0
"泰哥这个新款包包,为何这么好?",财箱包,,,,0
"年底想翻番,试试这个包",财箱包,,,,0
泰哥新款包包到底好在哪！#包包 #财箱包,财箱包,,,,0
到底是什么包包富婆都说好！#好物 #包包 #财箱包,财箱包,,,,0
手机上一定要贴现在还来得及,财福芦,,,,0
为什么年底要贴这个手机贴！,财福芦,,,,0
"美女粉丝给手机穿新衣,惊喜连连",财福芦,,,,0
富豪们年底都会做的一件事,财福芦,,,,0
"年底手机穿新衣,2026开好头",财福芦,,,,0
年底手机要注意！,财福芦,,,,0
所有女人元旦送自己一份礼物,2026年新年喜庆红包,,,,0
所有女人元旦送自己一份礼物,2026年新年喜庆红包,,,,0
什么戒指戴过都说好？,宝凤凰戒指,,,,0
2026女人要格外注意这两件事,宝凤凰戒指,,,,0
从冬至开始穿着打扮要与时代同频。,宝凤凰戒指,,,,0
"为何女人再没钱,也要戴戒指",宝凤凰戒指,,,,0
2026 多用一个图案，你的人生也能绽放。,宝凤凰戒指,,,,0
"40岁的女人,戴戒指的三大原则!",宝凤凰戒指,,,,0
为什么女人要多戴首饰,宝凤凰戒指,,,,0
富婆女老板都在戴什么首饰,宝凤凰戒指,,,,0
2026女人要注意两件事,宝凤凰戒指,,,,0
真正的富婆都是戴什么戒指,宝凤凰戒指,,,,0
2026 不管男人女人多用一个图案。,宝凤凰戒指,,,,0
女人同龄且显老是首饰选错了,宝凤凰戒指,,,,0
女人的戒指应该怎么选,宝凤凰戒指,,,,0
女人过四十记住这三个原则,宝凤凰戒指,,,,0
女人戴戒指就戴这种！,宝凤凰戒指,,,,0
富婆出门都戴什么戒指！,宝凤凰戒指,,,,0
富婆都是戴什么首饰,宝凤凰戒指,,,,0
为什么富婆都不戴黄金戒指,宝凤凰戒指,,,,0
为何富婆把戒指戴在右手中指,宝凤凰戒指,,,,0
想赚钱的女人可别错过这个,宝凤凰戒指,,,,0
女人一定要多戴这种首饰,宝凤凰戒指,,,,0
女人的首饰应该怎么选,宝凤凰戒指,,,,0
女人这几款戒指千万不要戴,宝凤凰戒指,,,,0
女人要选什么戒指？,宝凤凰戒指,,,,0
女人要多戴！,宝凤凰戒指,,,,0
为什么元旦后家里要点蜡烛,紫聚宝蜡烛,,,,0
为什么元旦当天家里要点蜡烛,紫聚宝蜡烛,,,,0
元旦做件事给新年开好头,紫聚宝蜡烛,,,,0
元旦前后这几天一定要把握住,紫聚宝蜡烛,,,,0
"今年的除夕夜,记得点蜡烛!",紫聚宝蜡烛,,,,0
泰哥怒斥假货太过分，正品认准南心合一。,紫聚宝蜡烛,,,,0
冬至前后这一物要点上,紫聚宝蜡烛,,,,0
今年除夕夜这个东西要用上,紫聚宝蜡烛,,,,0
紫聚宝蜡烛，这个冬天用起来,紫聚宝蜡烛,,,,0
今年立冬后这件事坚持做,紫聚宝蜡烛,,,,0
立冬快到了，试试这个,紫聚宝蜡烛,,,,0
想赚钱的女人可别错过这个,紫来彩戒指,,,,0
没质感的首饰女人千万别戴,紫来彩戒指,,,,0
为什么那些老板都会去戴紫水晶,紫来彩戒指,,,,0
富婆戴戒指喜欢戴哪个手指,紫来彩戒指,,,,0
为什么那些女老板都会去戴紫水晶,紫来彩戒指,,,,0
教你一个提升自身魅力的妙招！,紫来彩戒指,,,,0
这几类女人该怎么选戒指,紫来彩戒指,,,,0
为什么很多女人喜欢戴这个？,紫来彩戒指,,,,0
戒指戴得好财富少不了,紫来彩戒指,,,,0
"蛇年必戴,紫来彩戒指",紫来彩戒指,,,,0
这几类女人为什么不能随便戴戒指,紫来彩戒指,,,,0
女人如何选择合适的戒指,紫来彩戒指,,,,0
"戴戒指别太随意,选择适合自己的!",紫来彩戒指,,,,0
女人戴戒指应该如何选择,紫来彩戒指,,,,0
为何富婆把戒指戴右手中指,紫来彩戒指,,,,0
真正有品位的在背什么包包!,大财包,,,,0
女人的气质不要被大牌困住,大财包,,,,0
聪明的女人都在这样守护财富。,大财包,,,,0
这个包包背过的都说好,大财包,,,,0
女人多买包到底有没有用,大财包,,,,0
这个包包背过的都说好,大财包,,,,0
女人的气质不要被大牌困住,大财包,,,,0
为什么泰哥这款財福包这么受欢迎！,大财包,,,,0
包包怎么选！,大财包,,,,0
女人到底应该背什么样的包包,大财包,,,,0
女人到底应该背什么样的包包,大财包,,,,0
进入农历七月，家家户户都要做一件事,九紫财香,,,,0
农历七月为了家人要注意,九紫财香,,,,0
农历五月做好三件事，2025 福气满满。,九紫财香,,,,0
被别人借运了怎么办,九紫财香,,,,0
清明出去旅游一定要带着它,九紫财香,,,,0
清明节祭祖后回家要做一件事,九紫财香,,,,0
清明节祭祖回来做一个动作,九紫财香,,,,0
这八种情况一定要点香,九紫财香,,,,0
三九天的时候 要在家里做一个动作,九紫财香,,,,0
农历五月千万要注意一个细节,九紫财香,,,,0
元旦一定要做个动作,九紫财香,,,,0
夫妻关系不和一定要用它,葫芦,,,,0
床头朝西如何调整,葫芦,,,,0
蛇年床头朝西，应该如何调整,葫芦,,,,0
哪五样东西不能放门口,葫芦,,,,0
农历五月为何用它来“武装”自己,走运袜,,,,0
今年春联如何选?,凤凰纳财对联,,,,0
今年对联怎么贴,凤凰纳财对联,,,,0
今年这两种对联看看你家有没有,凤凰纳财对联,,,,0
2026千万不能贴这两种对联,凤凰纳财对联,,,,0
哪几种对联过年千万不要贴,凤凰纳财对联,,,,0
小年前家家户户记得放一物,凤凰纳财对联,,,,0
今年除夕哪些需要格外注意,凤凰纳财对联,,,,0
小年前家家户户记得放一物,凤凰纳财对联,,,,0
为什么今年除夕要格外注意,凤凰纳财对联,,,,0
"春联,什么时间贴最好?",凤凰纳财对联,,,,0
为什么这个对联要提前备！,凤凰纳财对联,,,,0
2026家门口怎么布置！,凤凰纳财对联,,,,0
为什么对联要提前选好,凤凰纳财对联,,,,0
生僻字对联千万不要贴,凤凰纳财对联,,,,0
为什么元旦后家里要放这个,凤凰纳财对联,,,,0
2026年的对联千万不要贴错了,凤凰纳财对联,,,,0
今年除夕一定要格外注意！,凤凰纳财对联,,,,0
为什么对联要提前调好,凤凰纳财对联,,,,0
为什么元旦后家里要放这个,凤凰纳财对联,,,,0
春联很重要一定要选好,凤凰纳财对联,,,,0
"2026双火年,家里春联该如何选择",凤凰纳财对联,,,,0
为什么元旦后家里要放这个,凤凰纳财对联,,,,0
为什么对联一定要提前选好,凤凰纳财对联,,,,0
"家里的旧春联,该如何处理?",凤凰纳财对联,,,,0
今年贴春联，这三种不要再贴了！,凤凰纳财对联,,,,0
春联有三不贴，你一定要重视！,凤凰纳财对联,,,,0
"家里的旧春联,该如何处理?",凤凰纳财对联,,,,0
大年三十多做这几件事！,凤凰纳财对联,,,,0
贴春联三禁忌你家别踩坑,凤凰纳财对联,,,,0
女人的首饰如何选对,火凤凰手链,,,,0
立冬前后抓紧找到好朋友,火凤凰手链,,,,0
女人不用动脸!,灵狐凤九贴,,,,0
"为何很多女明星演完,这个变得越来越顺?",灵狐凤九贴,,,,0
包包里放这个东西！#凤九,灵狐凤九贴,,,,0
为何小姐姐的智慧灵性变的越来越高？,灵狐凤九贴,,,,0
女人想要提升魅力其实很简单,灵狐凤九贴,,,,0
女人如何才能脱胎换骨,灵狐凤九贴,,,,0
老公在外面有4-1怎么办,灵狐凤九贴,,,,0
灵性越来越高，试试这个东西！,灵狐凤九贴,,,,0
你将越来越漂亮,灵狐凤九贴,,,,0
简单的一招提升气质和灵性,灵狐凤九贴,,,,0
如何提升自己的气质?# 女性必看 # 精致好物 # 好物推荐 # 气质,灵狐凤九贴,,,,0
"女人如何越来越漂亮,灵性越来越高",灵狐凤九贴,,,,0
喜欢内耗的女人应该怎么办,灵狐凤九贴,,,,0
三个简单方法教你变美变年轻,灵狐凤九贴,,,,0
女人如何才能越来越漂亮,灵狐凤九贴,,,,0
"女人如何越来越漂亮,越来越有灵性",灵狐凤九贴,,,,0
你将越来越漂亮越来越有智慧,灵狐凤九贴,,,,0
2026多用这一个密码,新灶台贴,,,,0
小年前厨房灶台怎么贴,新灶台贴,,,,0
这样的灶台贴就算白送也不要贴。,新灶台贴,,,,0
立春前记得贴上灶爷爷贴纸,新灶台贴,,,,0
厨房灶台为什么要用这个,新灶台贴,,,,0
2026家家户户灶台记得贴一物,新灶台贴,,,,0
2026多用这一个密码,新灶台贴,,,,0
小年这天为什么要贴,新灶台贴,,,,0
"年底厨房要注意,做好这四步!",新灶台贴,,,,0
"厨房五不要,要格外注意!",新灶台贴,,,,0
家里电箱煤气灶多做这个动作,新灶台贴,,,,0
"小年迎灶神爷爷,2026状态满满!",新灶台贴,,,,0
家里电箱煤气灶多做这个动作,新灶台贴,,,,0
女人不要拎假包,財福水桶包,,,,0
到底是什么包包背着都说好,財福水桶包,,,,0
到底是什么包包背过都说好,財福水桶包,,,,0
女人有米无库难怪你会存不住,財福水桶包,,,,0
到底什么包包背着都说好,財福水桶包,,,,0
女人年底剩不下钱如何调整,財福水桶包,,,,0
这几种包包女人可别随便背,財福水桶包,,,,0
为什么你总是存不住米米,財福水桶包,,,,0
女人多买包包竟然有那么多好处,財福水桶包,,,,0
夫妻房间不放这四样东西,財福水桶包,,,,0
所有美女重视起来！,財福水桶包,,,,0
女人有米无库难怪你会存不住,財福水桶包,,,,0
这几种包包女人可别随便背,財福水桶包,,,,0
"下半年存不住財,要如何调整?",財福水桶包,,,,0
下半年出门一定要拎着它,財福水桶包,,,,0
寒露以后出门要背它,財福水桶包,,,,0
月底剩不下钱，该如何调整？,財福水桶包,,,,0
农历8月份多买这个东西！,財福水桶包,,,,0
女人一定要多买包包。,財福水桶包,,,,0
女人都爱的包包！,財福水桶包,,,,0
女人包包有五种不要乱背。,財福水桶包,,,,0
下半年，女人切记多买一样物品,財福水桶包,,,,0
为何女人要多买包包？,財福水桶包,,,,0
月底剩不下钱，该如何调整？,財福水桶包,,,,0
为什么这么多富婆喜欢这个包包？,財福水桶包,,,,0
为什么很多富婆都喜欢买包包？,財福水桶包,,,,0
女人为什么要多给自己买包？,財福水桶包,,,,0
为何包包越多米米就越多,財福水桶包,,,,0
哪五种包包千万不要背,財福水桶包,,,,0
女人一定要多买包包！,財福水桶包,,,,0
女人要多买哪一样东西,財福水桶包,,,,0
女人存不住钱看看包包选对没,財福水桶包,,,,0
试试这个东西！,財福水桶包,,,,0
女人什么越多米米就会变多,財福水桶包,,,,0
下半年女人如何挑选包包,財福水桶包,,,,0
农历八月中秋要给自己买个包,財福水桶包,,,,0
"2025下半年,要多用一个颜色",抱枕,,,,0
新年家里公司多用一个颜色,抱枕,,,,0
农历五月为何要多用紫色抱枕？,抱枕,,,,0
农历五月为何要多用紫色抱枕,抱枕,,,,0
紫色靠山抱枕到底有多好,抱枕,,,,0
手机后面放现金 别再犯傻了,发财树手机贴,,,,0
手机后面放现金 别再犯傻了,发财树手机贴,,,,0
普通人手机后边放什么更招米,发财树手机贴,,,,0
普通人手机后边别放这个了。,发财树手机贴,,,,0
手机壳后面可以放钱吗,发财树手机贴,,,,0
家里有镜子的注意！,泰有福镜子贴,,,,0
"2025下半年,记得做一个动作",泰有福镜子贴,,,,0
照镜子竟然能把想要的生活照进现实,泰有福镜子贴,,,,0
中秋节前后家里，镜子上记得贴这个。,泰有福镜子贴,,,,0
为什么家里镜子要贴这个东西,泰有福镜子贴,,,,0
车牌有这些数字一定要注意,3949车贴,,,,0
开车出问题试试这一招,3949车贴,,,,0
你的车牌号有这些数字吗,3949车贴,,,,0
"为何车牌号有0有5,一定要重视起来?",3949车贴,,,,0
车牌有这些数字一定要注意,3949车贴,,,,0
检查下你的车牌有没有这些数字,3949车贴,,,,0
简单的动作你也可以走大运,蜡烛,,,,0
你该转运了,蜡烛,,,,0
端午前后用一招调成吸金体质。,蜡烛,,,,0
粉丝宝宝是如何心想事成的,蜡烛,,,,0
"清明节女人祭祖回来,不要忘记做这件事",蜡烛,,,,0
二月二龙抬头记得做这件事！,蜡烛,,,,0
元宵节快到了记得做这件事,蜡烛,,,,0
除夕夜三讲究，2025平安快乐,蜡烛,,,,0
今年元旦不一般 一定要把握住,蜡烛,,,,0
为何大年三十初一只干一件事情！,蜡烛,,,,0
冬至这一天一定要做一件事,蜡烛,,,,0
冬至快到了这个动作一定要做,蜡烛,,,,0
马上元旦了如何辞旧迎新,蜡烛,,,,0
元宵节记得做这件事!,蜡烛,,,,0
二月二千万别忘记做这件事!,蜡烛,,,,0
女人应该如何挑选适合的项链！,紫来彩葫芦项链,,,,0
女人想赚钱拼事业试试这样做,紫来彩葫芦项链,,,,0
女人下半年都要戴什么首饰,紫来彩葫芦项链,,,,0
想图个福禄双全试试这个葫芦项链,紫来彩葫芦项链,,,,0
女人戴项链应该如何选择,紫来彩葫芦项链,,,,0
什么样的耳饰不张扬且有高级感?,紫来彩耳钉,,,,0
耳饰选对了，真的能魅力加分！,紫来彩耳钉,,,,0
有耳洞的女人该如何选择耳钉,紫来彩耳钉,,,,0
为什么耳洞不能空着,紫来彩耳钉,,,,0
为什么耳洞不能让它空着,紫来彩耳钉,,,,0
"女人想要旺财运,泰哥教你一个动作",紫来彩耳钉,,,,0
家里哪个东西对女人伤害很大,莲花鲤鱼贴,,,,0
家里总是吵架，泰哥教你一个方法。,莲花鲤鱼贴,,,,0
洗衣机在厕所这个动作不要忘,莲花鲤鱼贴,,,,0
有钱人在家里都在家里偷偷贴什么？,莲花鲤鱼贴,,,,0
家里总是吵架，泰哥教你一个方法。,莲花鲤鱼贴,,,,0
有钱人都在家里偷偷贴什么,莲花鲤鱼贴,,,,0
"女人调整好家里三个位置,2025福气满满!",莲花鲤鱼贴,,,,0
别人都在发财，真实原因在这。,莲花鲤鱼贴,,,,0
鞋放三处家中难富,莲花鲤鱼贴,,,,0
所有的女人注意家里三个地方,莲花鲤鱼贴,,,,0
总跟老公吵架试试这一招,莲花鲤鱼贴,,,,0
所有女人要注意家里的这个东西,莲花鲤鱼贴,,,,0
家里卫生间你要处理好才行,莲花鲤鱼贴,,,,0
偷偷的告诉你卫生间切记贴这个。,莲花鲤鱼贴,,,,0
为什么要偷偷在卫生间贴上它,莲花鲤鱼贴,,,,0
所有女人要注意家里的这个东西,莲花鲤鱼贴,,,,0
家中鞋柜三不放，2025 福气满满。,莲花鲤鱼贴,,,,0
家中这三个地方不要放鞋子,莲花鲤鱼贴,,,,0
夫妻经常吵架试试这一招,莲花鲤鱼贴,,,,0
家里总是争吵不断，试试这个办法！,莲花鲤鱼贴,,,,0
为什么开门不能见鞋柜和厕所,莲花鲤鱼贴,,,,0
为什么女人要注意这个地方,莲花鲤鱼贴,,,,0
想要好运连连.记住这一招,莲花鲤鱼贴,,,,0
女人一定要注意！,莲花鲤鱼贴,,,,0
"鞋不放三处,富贵永不愁!",莲花鲤鱼贴,,,,0
哪三个地方不能放鞋子,莲花鲤鱼贴,,,,0
经常和老公吵架该怎么解决,莲花鲤鱼贴,,,,0
家里哪个东西对女人伤害很大,莲花鲤鱼贴,,,,0
"很多人家里的大问题,都来自于这个地方",莲花鲤鱼贴,,,,0
"为什么洗衣机
对女性伤害很大",莲花鲤鱼贴,,,,0
进门见鞋柜厕所对我们有什么影响？,莲花鲤鱼贴,,,,0
为什么家里的洗衣机一定要重视起来?,莲花鲤鱼贴,,,,0
富贵人家都在这样调整门口鞋柜,莲花鲤鱼贴,,,,0
进门鞋柜厕所的快这样调整,莲花鲤鱼贴,,,,0
家里的洗衣机应该放在哪,莲花鲤鱼贴,,,,0
为何女人要注意家里的洗衣机,莲花鲤鱼贴,,,,0
哪两样东西不能在家门口,莲花鲤鱼贴,,,,0
进门鞋柜厕所的快这样调整,莲花鲤鱼贴,,,,0
家门口千万不要犯的两个禁忌,莲花鲤鱼贴,,,,0
洗衣机在厕所的一定要注意了,莲花鲤鱼贴,,,,0
洗衣机的摆放有什么讲究,莲花鲤鱼贴,,,,0
大门口有鞋柜应该如何解决,莲花鲤鱼贴,,,,0
为什么进门见厕所，财富见了躲？,莲花鲤鱼贴,,,,0
家门口千万不能犯的两个禁忌,莲花鲤鱼贴,,,,0
为什么家里厕所要贴上它,莲花鲤鱼贴,,,,0
洗手间位置不好应该怎么处理,莲花鲤鱼贴,,,,0
为何厕所和鞋柜一定要贴它,莲花鲤鱼贴,,,,0
入户门对着厕所应该如何解决,莲花鲤鱼贴,,,,0
"进门见厕所,财富见了躲",莲花鲤鱼贴,,,,0
家里有样东西，千万不要忽略,莲花鲤鱼贴,,,,0
家里有样东西，千万不要忽略,莲花鲤鱼贴,,,,0
门牌号有0有5千万要注意,3949门牌贴,,,,0
"大门对楼梯间,应该怎么办?",3949门牌贴,,,,0
门牌号有0有5一定要注意,3949门牌贴,,,,0
门口贴这个门牌究竟有多好,3949门牌贴,,,,0
到底是什么东西富豪们都在用,3949门牌贴,,,,0
2025年大门上一定要贴上它,3949门牌贴,,,,0
贴了这个门牌发生了什么变化,3949门牌贴,,,,0
贵气的门牌贴你也值得拥有,3949门牌贴,,,,0
为什么家里要贴门牌贴,3949门牌贴,,,,0
贴了3949门牌发生了什么变化,3949门牌贴,,,,0
偷偷的告诉你年底3949门牌贴起来,3949门牌贴,,,,0
简单的一招你也能暴富,九紫摇钱树,,,,0
床头不能放哪五样东西,九紫摇钱树,,,,0
门口放一物来米又暴富,九紫摇钱树,,,,0
大富豪家里都会放什么东西,九紫摇钱树,,,,0
做生意的如何让客户越来越多,九紫摇钱树,,,,0
用这个方法一不小心就暴富,九紫摇钱树,,,,0
"泰哥教你一招,助力你下半年腾飞!",九紫摇钱树,,,,0
如何让大客户越来越多,九紫摇钱树,,,,0
大姐用了摇钱树为什么如此兴奋,九紫摇钱树,,,,0
"端午之前用一物,财富自然来",九紫摇钱树,,,,0
店铺生意好不好看一个摆件就知道,九紫摇钱树,,,,0
如何收获自己的好运与幸福,九紫摇钱树,,,,0
哪些东西不能放在床头,九紫摇钱树,,,,0
为什么每个地方都要摆上它？,九紫摇钱树,,,,0
桌上放一物，招米又暴富！,九紫摇钱树,,,,0
多用摇钱树一天比一天富,九紫摇钱树,,,,0
如何让大客户越来越多,九紫摇钱树,,,,0
偷偷的告诉你如何让大客户越来越多。,九紫摇钱树,,,,0
公司店铺放什么最容易招贝才旺耘？,九紫摇钱树,,,,0
"为什么九紫摇钱树,越摇越有财",九紫摇钱树,,,,0
泰哥给大家推荐一个实打实的好东西,九紫摇钱树,,,,0
想暴富多玩摇钱树,九紫摇钱树,,,,0
家有摇钱树，米米挡不住,九紫摇钱树,,,,0
你的家里放摇钱树了吗,九紫摇钱树,,,,0
桌上放一物爆单又暴富,九紫摇钱树,,,,0
为什么粉丝宝宝一次要99棵,九紫摇钱树,,,,0
家有摇钱树不富也得富,九紫摇钱树,,,,0
你家有摇钱树吗,九紫摇钱树,,,,0
摇钱树可以放在哪里,九紫摇钱树,,,,0
普通人一定要把这个带回家！,九紫摇钱树,,,,0
刷到这条视频的把这个带回家！！！,九紫摇钱树,,,,0
富豪家有的你也要用起来,九紫摇钱树,,,,0
2025二月二如何开个好头？,九紫摇钱树,,,,0
新年新气象每天记得摇一摇,九紫摇钱树,,,,0
2025年你将财源滚滚,九紫摇钱树,,,,0
"重视一个地方,让你钱包满满!",九紫摇钱树,,,,0
"摇钱树摆得好,招财又进宝",九紫摇钱树,,,,0
有钱人家里都有一样物品,九紫摇钱树,,,,0
"客厅见树,十有九富",九紫摇钱树,,,,0
"家有摇钱树,不富也得富",九紫摇钱树,,,,0
手机壳里面为什么不能放钱,天官赐福贴,,,,0
为何手机壳后面不能放钱,天官赐福贴,,,,0
快试试这个东西！,天官赐福贴,,,,0
手机号有0有5一定要注意,天官赐福贴,,,,0
"为何从古至今,大富豪都重视门口?",天官赐福贴,,,,0
毒五月之前要把香包挂起来,五色葫芦香包,,,,0
端午带着它，好韵追你跑！,五色葫芦香包,,,,0
端午来临前有样东西要挂上,五色葫芦香包,,,,0
女神节用好一招暴富又好运,紫水暴富手链,,,,0
出门一个动作你也能否极泰来,泰火墨镜,,,,0
接近好的物品.就能吸引好的事物!,泰火墨镜,,,,0
什么是心灯怎么保护心灯,泰火墨镜,,,,0
为什么明星富豪出门都戴墨镜?,泰火墨镜,,,,0
枕头和地垫下为什么要放它,五帝钱,,,,0
枕头下放一物钱越来越多,五帝钱,,,,0
"枕头底下和门口垫子下,记得放一样东西",五帝钱,,,,0
枕头下放一物米米多多暴富,五帝钱,,,,0
为什么要带这把金钥匙,生肖钥匙扣,,,,0
锁住财富，开启幸福,生肖钥匙扣,,,,0
身上戴一物愿你越来越有钱,生肖钥匙扣,,,,0
家里不存财记住这一招,万三聚宝盆,,,,0
没事敲敲它家里财源滚滚,万三聚宝盆,,,,0
"家里不存财,记住这一招",万三聚宝盆,,,,0
手机号有0有5一定要用它,财五爷手机贴,,,,0
一个简单的方法让你破茧成蝶。,破茧成蝶戒指,,,,0
"女人饰品要注意,颜色选择很重要",破茧成蝶戒指,,,,0
一个小妙招教你变美变漂亮,破茧成蝶戒指,,,,0
你知道戒指戴在那个指头吗,破茧成蝶戒指,,,,0
女人的戒指应该戴在哪个手指,破茧成蝶戒指,,,,0
女人佩戴戒指应该如何选择,破茧成蝶戒指,,,,0
常戴的首饰坏了是好还是坏,破茧成蝶戒指,,,,0
蝴蝶配饰竟也能影响运势,破茧成蝶戒指,,,,0
"戒指戴的好,福气财气少不了",破茧成蝶戒指,,,,0
普通人手机后面不要放这个！,财库手机贴,,,,0
你不发大财真的天理不容,财库手机贴,,,,0
手机号有0和5一定要注意了,财库手机贴,,,,0
一招教你解决存住钱的难题,财库手机贴,,,,0
手机号有0有5一定要用它,财库手机贴,,,,0
为什么2025年要贴财库贴,财库手机贴,,,,0
手机壳里一定要放这个东西！,财库手机贴,,,,0
"调整好你的手机,2025下半年满满",五路财神手机链,,,,0
"简单用一招,下半年财气满满!",五路财神手机链,,,,0
简单一招教你如何驾驭财富,五路财神手机链,,,,0
想发財的赶紧用起来这个东西！,五路财神手机链,,,,0
你将有横米你将暴富,五路财神手机链,,,,0
如何让自己有横财,五路财神手机链,,,,0
你将有横米你将暴富,五路财神手机链,,,,0
元宵节小妙招错过等一年,红包,,,,0
除夕这样做幸福幸运一整年,红包,,,,0
孩子学习不认真我们该怎么办,文昌贴,,,,0
手机号码0多5多该怎么办,文昌贴,,,,0
家里打扫卫生千万注意一个细节,香片,,,,0
富贵 人家都在用的一个小物件,香片,,,,0
你买的对联真的对吗？,2024年对联,,,,0
泰哥祝你2025巳巳如意,2024年对联,,,,0
2025还不知道贴什么对联的看过来！,2024年对联,,,,0
今年很特殊，三点要注意！,2024年对联,,,,0
2025新年贴泰哥这款对联！,2024年对联,,,,0
今年没有年三十对联应该怎么贴,2024年对联,,,,3543
你真的知道如何正确选对联吗,2024年对联,,,,0
春联没贴对，一年都白费,2024年对联,,,,0
富婆都爱的对联年底抓紧抢,2024年对联,,,,1731
2025年贴春联最佳时间点,2024年对联,,,,0
有智慧的父母四布布置孩子房间,印章,,,,0
女人买什么包包米米越来越多,朱雀流沙钥匙扣,,,,0
随身米库三步走让你米米天天有,朱雀流沙钥匙扣,,,,0
"包包不存财,记住这一招",朱雀流沙钥匙扣,,,,0
新的一年一定要知道旧包包如何处理！,朱雀流沙钥匙扣,,,,0
新年旧包包应该怎样处理,朱雀流沙钥匙扣,,,,0
过年前女人先做一件事,朱雀流沙钥匙扣,,,,0
女人的包包一定要重视起来,朱雀流沙钥匙扣,,,,0
朱雀流沙钥匙扣该挂在哪里？,朱雀流沙钥匙扣,,,,0
冬至小妙招,朱雀流沙钥匙扣,,,,0
"女神节调整好包包,2025一路暴富",朱雀流沙钥匙扣,,,,0
立秋一个动作2025好运连连,拉吉袋,,,,0
女人多穿什么鞋容易米米多,拉吉袋,,,,0
"为何要在三伏天,清理家中这三种玩偶",拉吉袋,,,,0
农历六月大扫除为什么这么重要！,拉吉袋,,,,0
闰六月断舍离，真的不能这么轻易忽视！,拉吉袋,,,,0
闲置的鞋子该如何处理,拉吉袋,,,,0
女人多穿什么鞋会容易发财？,拉吉袋,,,,0
为何农历六月断舍离这么重要！,拉吉袋,,,,0
为什么孩子的旧物不能乱扔,拉吉袋,,,,0
旧鞋处理掉，每天事事又顺心,拉吉袋,,,,0
定时清理家中旧物，扔错还不如不扔,拉吉袋,,,,0
为什么女人不能攒鞋,拉吉袋,,,,0
哪样东西女人不能多买,拉吉袋,,,,0
旧的不去新的不来，清理旧物方法要对,拉吉袋,,,,0
旧物断舍离，扔错还不如不扔。,拉吉袋,,,,0
女人多穿什么鞋容易发大财,拉吉袋,,,,0
哪样东西不能放在孩子的床上,拉吉袋,,,,0
为什么毒五月一定要清理旧物,拉吉袋,,,,0
旧东西清理掉你想要的自然来,拉吉袋,,,,0
旧的不去，新的如何来呢？!,拉吉袋,,,,0
你总是存不住钱，原因到底在哪,拉吉袋,,,,0
"坏掉的公仔玩具,端午前后要赶紧处理掉!",拉吉袋,,,,0
端午节为什么要清理掉旧玩偶？,拉吉袋,,,,0
趁着端午节扔掉家里的公仔,拉吉袋,,,,0
坑人的产品最后会坑了自己,拉吉袋,,,,0
扔垃圾的时候心里默念几句话,拉吉袋,,,,0
"端午前后简单动作,让你越扔越有",拉吉袋,,,,0
端午节为什么要清理家中小动物,拉吉袋,,,,0
旧的不去新的不来，清理好家中旧物。,拉吉袋,,,,0
老人和孩子的旧物千万要处理好,拉吉袋,,,,0
偷偷告诉你旧枕头怎么扔,拉吉袋,,,,0
泰哥怒斥仿版垃圾袋质量不行卖消费者,拉吉袋,,,,0
端午除晦气，扔旧物迎好运！,拉吉袋,,,,0
旧衣服别随便扔 扔的方法要对,拉吉袋,,,,0
比被别人借运更可怕的是什么,拉吉袋,,,,0
睡觉的枕头为什么不能乱扔,拉吉袋,,,,0
旧毛巾旧牙刷千万别乱扔,拉吉袋,,,,0
孩子的公仔一定要处理好！,拉吉袋,,,,0
不要的旧物如何处理才能越扔越有？,拉吉袋,,,,0
用了拉吉袋吉事天天在,拉吉袋,,,,0
"女人切记这个行为,避免被别人借耘",拉吉袋,,,,0
家里剩饭剩菜这样处理对自己更好。,拉吉袋,,,,0
"正确处理旧衣旧包包,让你越扔越有",拉吉袋,,,,0
"立夏做一个动作,2025好运连连",拉吉袋,,,,0
怎么让旺财去你家里,拉吉袋,,,,0
用好这一招，助力你快速转耘！,拉吉袋,,,,0
"家里有一样东西,对福气孩子影响特别大",拉吉袋,,,,0
"不要的旧枕头,应该如何处理?",拉吉袋,,,,0
旧衣服塞满柜子会压住财运吗？,拉吉袋,,,,0
五一之前用一招，一整年见才气爆棚。,拉吉袋,,,,0
"如何处理家中旧物,才能越仍越有?",拉吉袋,,,,0
小孩的旧衣物应该怎么处理,拉吉袋,,,,0
不穿的旧衣服千万别乱扔,拉吉袋,,,,0
你要转运啦,拉吉袋,,,,0
你家有堆积如山的旧衣服吗?,拉吉袋,,,,0
堆成山的旧衣服，真的会影响米米,拉吉袋,,,,0
不穿的旧衣旧鞋怎么处理,拉吉袋,,,,0
如何扔旧物才能越扔越有,拉吉袋,,,,0
大富豪如何处理不要的东西,拉吉袋,,,,0
"处理好旧物,是转运最好的方法",拉吉袋,,,,0
"正确处理家中旧物,让你越扔越有",拉吉袋,,,,0
不穿的旧衣服应该怎么处理,拉吉袋,,,,0
不穿的旧衣服怎么处理,拉吉袋,,,,0
一物除去家中污秽，迎来好耘与喜庆,拉吉袋,,,,0
旧碗旧照片应该怎么处理,拉吉袋,,,,0
不用的旧物应该如何处理,拉吉袋,,,,0
不穿的旧衣服应该怎么处理?,拉吉袋,,,,0
"不穿的旧衣服旧鞋,应该如何处理?",拉吉袋,,,,0
富豪家不用的物品是怎么处理的?,拉吉袋,,,,0
包里放一物米多多暴富,亮眼好运喷雾,,,,0
眼睛就是女人的转韵开关！,亮眼好运喷雾,,,,0
"你将越来越漂亮,米米越来越多!",艾灸贴,,,,0
"老人小孩男人女人,三伏天切记做这个动作!",艾灸贴,,,,0
元气满满,艾灸贴,,,,0
如何每天保持精神饱满,艾灸贴,,,,0
一个小动作女人越来越漂亮,艾灸贴,,,,0
如何让下半年越过越好？,艾灸贴,,,,0
一个小妙招愿你越来越漂亮,艾灸贴,,,,0
到底什么东西小姐姐直呼惊喜,艾灸贴,,,,0
家里氛围不好，试试这个东西！,八宝葫芦贴,,,,0
米米留不住泰哥教你一招,八宝葫芦贴,,,,0
家里脾气大的用一下这个方法,八宝葫芦贴,,,,0
"教你一招,帮你锁住好运",八宝葫芦贴,,,,0
总是攒不住钱厨房贴它试一试,八宝葫芦贴,,,,0
孩子叛逆顶嘴，泰哥教你一招！,八宝葫芦贴,,,,0
脾气大的人泰哥教你一个方法,八宝葫芦贴,,,,0
钱总是留不住试试这一招,八宝葫芦贴,,,,0
"家里总是争吵不休,试试这一招!",八宝葫芦贴,,,,0
"火气大的人,泰哥教你用一招!",八宝葫芦贴,,,,0
如何让衣服自带体香,紫气富贵香片,,,,0
车里家里挂一物一不小心暴富,紫气富贵香片,,,,0
想要提升韵势，试试这个东西,紫气富贵香片,,,,0
调整一个地方你也能拥有富贵,紫气富贵香片,,,,0
"梅雨季节要来了,如何去除霉味?",紫气富贵香片,,,,0
测试,爆款口播（500以上点赞）,,,,1000
"家庭致富的十个秘诀,夫妻必看!",爆款口播（500以上点赞）,,,,0
"夫妻对,家富贵",爆款口播（500以上点赞）,,,,0
年前大扫除，这七样东西不要留,爆款口播（500以上点赞）,,,,0
"2026丙午年,多用什么颜色?",爆款口播（500以上点赞）,,,,0
出门前默念这三个字,爆款口播（500以上点赞）,,,,0
2026要格外注意这五件事！,爆款口播（500以上点赞）,,,,0
如何提升孩子的智慧？智慧父母都在悄悄做这件事！,爆款口播（500以上点赞）,,,,0
你家人的正缘将越来越好,爆款口播（500以上点赞）,,,,0
元旦起床第一件事,爆款口播（500以上点赞）,,,,0
年底穿衣有讲究，这五种衣服千万不要买！,爆款口播（500以上点赞）,,,,0
2026 年这五种头像，切记不要用！,爆款口播（500以上点赞）,,,,0
2026 不管男人女人，少喝一样东西！,爆款口播（500以上点赞）,,,,0
2026 到底要用什么样的头像？,爆款口播（500以上点赞）,,,,0
言语温暖，内心明亮。,爆款口播（500以上点赞）,,,,0
为何元旦当天不能同房?,爆款口播（500以上点赞）,,,,0
你不知道的这几件事,爆款口播（500以上点赞）,,,,0
冬天不要喝太多水,爆款口播（500以上点赞）,,,,0
男人最大的财富为什么是妻子,爆款口播（500以上点赞）,,,,0
想一直顺下去，记住这句话,爆款口播（500以上点赞）,,,,0
钱主动上门的五个方法,爆款口播（500以上点赞）,,,,0
十月八号开启凤凰腾飞,爆款口播（500以上点赞）,,,,0
相信语言给予自己的力量,爆款口播（500以上点赞）,,,,0
中秋十不做，麻烦不缠身。,爆款口播（500以上点赞）,,,,0
每天念一遍，下半年越来越好。,爆款口播（500以上点赞）,,,,0
学会这三个动作，身体悄悄变好！,爆款口播（500以上点赞）,,,,0
让钱主动上门的八个小妙招。,爆款口播（500以上点赞）,,,,0
女性强大可怕的五个表现。,爆款口播（500以上点赞）,,,,0
当下男女发型该如何选择？,爆款口播（500以上点赞）,,,,0
今年秋天没事多念一串数字。,爆款口播（500以上点赞）,,,,0
孩子书房怎么摆，学习有利前程似锦。,爆款口播（500以上点赞）,,,,0
中秋国庆当天记得做这个动作。,爆款口播（500以上点赞）,,,,0
多念一组数字，你将否极泰来。,爆款口播（500以上点赞）,,,,0
十月凤凰归位，你将迎来腾飞,爆款口播（500以上点赞）,,,,0
女人千万不要找业力重的人做男朋友。,爆款口播（500以上点赞）,,,,0
你越是放松，结果往往越好。,爆款口播（500以上点赞）,,,,0
四种人千万不要进你家门。,爆款口播（500以上点赞）,,,,0
10 月 8 日凤凰归位，你将大腾飞！,爆款口播（500以上点赞）,,,,0
财富的漩涡将你的人生推向高潮。,爆款口播（500以上点赞）,,,,0
为何家里会有很多蚂蚁,爆款口播（500以上点赞）,,,,0
开车千万不要停在这五个地方。,爆款口播（500以上点赞）,,,,0
这几个地方不要去,爆款口播（500以上点赞）,,,,0
你想要的一切其实都在身边。,爆款口播（500以上点赞）,,,,0
如何让孩子贵气一生,爆款口播（500以上点赞）,,,,0
让钱主动上门的五个方法,爆款口播（500以上点赞）,,,,0
中秋节晚上跟泰哥做这个动作,爆款口播（500以上点赞）,,,,0
怎么让家运转起来,爆款口播（500以上点赞）,,,,0
做好两个字你也能腾飞,爆款口播（500以上点赞）,,,,0
今年秋天多念一个数,爆款口播（500以上点赞）,,,,0
跟着泰哥一起念这段话,爆款口播（500以上点赞）,,,,0
牢记这五点养出好儿子,爆款口播（500以上点赞）,,,,0
选对三种头像日子蒸蒸日上,爆款口播（500以上点赞）,,,,0
农历八月八一路发发发,爆款口播（500以上点赞）,,,,0
这四个地方国庆千万不要去,爆款口播（500以上点赞）,,,,0
如何让不如意全部滚蛋,爆款口播（500以上点赞）,,,,0
家中放五样不贵也会富,爆款口播（500以上点赞）,,,,0
最近多念着一串数字,爆款口播（500以上点赞）,,,,0
为什么要善待小猫小狗,爆款口播（500以上点赞）,,,,0
泰哥是如何钱越花越多的,爆款口播（500以上点赞）,,,,0
简单的一招福气享不完,爆款口播（500以上点赞）,,,,0
什么是阴阳水,爆款口播（500以上点赞）,,,,0
哪一种衣服女人不要穿,爆款口播（500以上点赞）,,,,0
旺自己的两个妙招,爆款口播（500以上点赞）,,,,0
哪五样东西不能放孩子房间,爆款口播（500以上点赞）,,,,0
猫狗进你家有什么寓意,爆款口播（500以上点赞）,,,,0
用好四个字你也能轻松赚钱,爆款口播（500以上点赞）,,,,0
8个漏米小习惯,爆款口播（500以上点赞）,,,,0
血月过后多发三个音,爆款口播（500以上点赞）,,,,0
哪五个项目下半年不能碰,爆款口播（500以上点赞）,,,,0
如何把自己养成富婆,爆款口播（500以上点赞）,,,,0
孩子做什么工作未来有前途,爆款口播（500以上点赞）,,,,0
大福气的女人有哪些特征,爆款口播（500以上点赞）,,,,0
女人越没钱越要做好三点,爆款口播（500以上点赞）,,,,0
发大财的秘密,爆款口播（500以上点赞）,,,,0
学会一个心法不缺钱不缺爱,爆款口播（500以上点赞）,,,,0
欺负你的人,爆款口播（500以上点赞）,,,,0
晚上家里千万别做五件事,爆款口播（500以上点赞）,,,,0
女人做到一个字福气多财气多,爆款口播（500以上点赞）,,,,0
手头紧的时候默念几句话,爆款口播（500以上点赞）,,,,0
家里有儿子练好这五点,爆款口播（500以上点赞）,,,,0
多去三个地方人生越走越高,爆款口播（500以上点赞）,,,,0
如何才能链接上大财富,爆款口播（500以上点赞）,,,,0
家里千万不能碰的四个禁忌,爆款口播（500以上点赞）,,,,0
如何斩断身上的穷根,爆款口播（500以上点赞）,,,,0
改运最快的方式其实就一个字,爆款口播（500以上点赞）,,,,0
有些事顺其自然等待结果就行,爆款口播（500以上点赞）,,,,0
下半年的机遇可别错过了,爆款口播（500以上点赞）,,,,0
想要米米多多该如何穿衣,爆款口播（500以上点赞）,,,,0
私密物品借给别人怎么办,爆款口播（500以上点赞）,,,,0
2025下半年做好这两点,爆款口播（500以上点赞）,,,,0
千万不能穿的六种衣服,爆款口播（500以上点赞）,,,,0
2025下半年留心这俩件事!,爆款口播（500以上点赞）,,,,0
五个招米的生活小习惯,爆款口播（500以上点赞）,,,,0
简单的一招每天都能沾财气,爆款口播（500以上点赞）,,,,0
六个小习惯让你越来越旺,爆款口播（500以上点赞）,,,,0
"学会这三个动作,身体悄悄变好",爆款口播（500以上点赞）,,,,0
出门之前默念这三个字,爆款口播（500以上点赞）,,,,0
晚上睡不着试试这一招,爆款口播（500以上点赞）,,,,0
店里生意不好试试这一招,爆款口播（500以上点赞）,,,,0
做好这四点守住你的家运,爆款口播（500以上点赞）,,,,0
一个玄学真相钱越花越多,爆款口播（500以上点赞）,,,,0
闰六月想要诸事顺利，泰哥教你简单一招。,爆款口播（500以上点赞）,,,,0
"大运来临之前,会有什么征兆",爆款口播（500以上点赞）,,,,0
"左眼跳财右眼跳灾,泰哥教你一招",爆款口播（500以上点赞）,,,,0
明白这一点赚钱才会变简单,爆款口播（500以上点赞）,,,,0
哪五样东西千万不能借,爆款口播（500以上点赞）,,,,0
2025如何让自己旺上加旺,爆款口播（500以上点赞）,,,,0
你要翻身了,爆款口播（500以上点赞）,,,,0
两个坏习惯偷走女人的好运,爆款口播（500以上点赞）,,,,0
农历闰六月米米小妙招,爆款口播（500以上点赞）,,,,0
如何走路能走出好运气,爆款口播（500以上点赞）,,,,0
睡前一个动作孩子智慧提升,爆款口播（500以上点赞）,,,,0
不要让别人借走你的私人物品！,爆款口播（500以上点赞）,,,,0
一句能量咒语成为塔尖人物,爆款口播（500以上点赞）,,,,0
三个地方省钱越容易长寿,爆款口播（500以上点赞）,,,,0
家里越干净孩子越富有,爆款口播（500以上点赞）,,,,0
做好一个字拥有大财富,爆款口播（500以上点赞）,,,,0
吃饭的小细节看出别人的福气,爆款口播（500以上点赞）,,,,0
为什么没事要多出去玩,爆款口播（500以上点赞）,,,,0
怎么让孩子越来越有出息,爆款口播（500以上点赞）,,,,0
懂得惜福的人才会有后福,爆款口播（500以上点赞）,,,,0
三个小妙招帮你存住钱,爆款口播（500以上点赞）,,,,0
女人特别掉价的四个行为,爆款口播（500以上点赞）,,,,0
女人如何才能越活越年轻,爆款口播（500以上点赞）,,,,0
孩子别瞎管管好这十条,爆款口播（500以上点赞）,,,,0
学会这一招灾难远离你,爆款口播（500以上点赞）,,,,0
暴富之后千万不能换的东西,爆款口播（500以上点赞）,,,,0
学会这三步你也能有一千万,爆款口播（500以上点赞）,,,,0
听懂财富密码钱越花越多,爆款口播（500以上点赞）,,,,0
想要人生过好的记住这句话。,爆款口播（500以上点赞）,,,,0
泰哥教你一招，愿你轻松来财。,爆款口播（500以上点赞）,,,,0
闰六月做一个动作，2025 才气满满。,爆款口播（500以上点赞）,,,,0
"坚持这八件事,身体越来越好",爆款口播（500以上点赞）,,,,0
简单的两招孩子越飞越高,爆款口播（500以上点赞）,,,,0
今年闰六月发财小妙招,爆款口播（500以上点赞）,,,,0
走大运之前有哪些征兆,爆款口播（500以上点赞）,,,,0
暴富以后哪三件事不能做,爆款口播（500以上点赞）,,,,0
简单的三步让你人生大逆转,爆款口播（500以上点赞）,,,,0
身体越养越年轻的八个真相,爆款口播（500以上点赞）,,,,0
"孩子的书桌怎么摆,对他更有利?",爆款口播（500以上点赞）,,,,0
为何会花钱才能守住财富?,爆款口播（500以上点赞）,,,,0
女人自带财运的六大特征,爆款口播（500以上点赞）,,,,0
"想要人生过得好,记住这句话",爆款口播（500以上点赞）,,,,0
一个小动作事业越干越大,爆款口播（500以上点赞）,,,,0
好运的女人有哪五个特征,爆款口播（500以上点赞）,,,,0
用好这三招孩子越飞越高,爆款口播（500以上点赞）,,,,0
为什么留不住财注意这个行为,爆款口播（500以上点赞）,,,,0
女人如何让自己自带财气,爆款口播（500以上点赞）,,,,0
兜里比脸还干净，试试这个方法！,爆款口播（500以上点赞）,,,,0
兜里比脸还干净，试试这个方法！,爆款口播（500以上点赞）,,,,0
用这个心法睡觉提升你的气质,爆款口播（500以上点赞）,,,,0
女人如何让自己越来越有福气?,爆款口播（500以上点赞）,,,,0
去哪里旅游对孩子更好,爆款口播（500以上点赞）,,,,0
做好这五点好运追你跑,爆款口播（500以上点赞）,,,,0
书桌如何摆放有利于孩子学习,爆款口播（500以上点赞）,,,,0
女人和孩子有类东西要少碰,爆款口播（500以上点赞）,,,,0
如何用辣椒给自己带来好运,爆款口播（500以上点赞）,,,,0
一个简单方法让财富增多,爆款口播（500以上点赞）,,,,0
"你越是放松,结果往往就会越好!",爆款口播（500以上点赞）,,,,0
玄学小妙招让你财富变多,爆款口播（500以上点赞）,,,,0
守好这两点好运追你跑,爆款口播（500以上点赞）,,,,0
"为何有的夫妻越过越好,有的越过越累?",爆款口播（500以上点赞）,,,,0
"想要家运好,四点诀窍要记牢",爆款口播（500以上点赞）,,,,0
"当下女生切记,这种衣服不要穿!",爆款口播（500以上点赞）,,,,0
看看自己适合什么运动,爆款口播（500以上点赞）,,,,0
搞懂两个字生活越来越好,爆款口播（500以上点赞）,,,,0
简单的两步享受财富人生,爆款口播（500以上点赞）,,,,0
"存钱最快的方法,是多做善事?",爆款口播（500以上点赞）,,,,0
"穿衣穿的对,完事皆顺遂!",爆款口播（500以上点赞）,,,,0
按这两步花钱钱会越花越多,爆款口播（500以上点赞）,,,,0
准备七颗荔枝全家夏至福至,爆款口播（500以上点赞）,,,,0
"戒掉穷根,才能积累财富",爆款口播（500以上点赞）,,,,0
"无论男人女人,切记不要乱睡!",爆款口播（500以上点赞）,,,,0
做人必须知道的四个小心机,爆款口播（500以上点赞）,,,,0
"心念的力量,会让你越来越好!",爆款口播（500以上点赞）,,,,0
女人做好这点你也能暴富,爆款口播（500以上点赞）,,,,0
暑假带孩子去这三个地方玩,爆款口播（500以上点赞）,,,,0
为什么老板要经常出去玩,爆款口播（500以上点赞）,,,,0
夏天必吃的五种养生蔬菜,爆款口播（500以上点赞）,,,,0
出去玩这样做你将越来越富有,爆款口播（500以上点赞）,,,,0
普通人破局第一步是什么,爆款口播（500以上点赞）,,,,0
进入这个频率你也能有如神助,爆款口播（500以上点赞）,,,,0
一个简单办法贵人来相助,爆款口播（500以上点赞）,,,,0
听懂两句话你将幸福觉醒,爆款口播（500以上点赞）,,,,0
泰哥教你吸引力法则,爆款口播（500以上点赞）,,,,0
一个小妙招财富越来越多,爆款口播（500以上点赞）,,,,0
"谁对老人好,谁最后就过得好",爆款口播（500以上点赞）,,,,0
100 集财富小妙招 (十一)泰哥教你聚财锁財,爆款口播（500以上点赞）,,,,0
"房子越干净,子女就越富有!",爆款口播（500以上点赞）,,,,0
发横财之前有哪些征兆,爆款口播（500以上点赞）,,,,0
简单的三步你也能有钱有闲,爆款口播（500以上点赞）,,,,0
简单的一招让你不再漏财,爆款口播（500以上点赞）,,,,0
学会这个心法你也能干成大事,爆款口播（500以上点赞）,,,,0
下半年切记千万不要晒这些事,爆款口播（500以上点赞）,,,,0
一个小动作人生大逆转,爆款口播（500以上点赞）,,,,0
过得清闲是有福气的表现,爆款口播（500以上点赞）,,,,0
夫妻越过越好的相处之道是什么?,爆款口播（500以上点赞）,,,,0
孩子出门在外切记要多祝福,爆款口播（500以上点赞）,,,,0
"这两个时间点,切记不要洗澡",爆款口播（500以上点赞）,,,,0
你将越来越漂亮,爆款口播（500以上点赞）,,,,0
"家里有这四样,赶紧丢掉!",爆款口播（500以上点赞）,,,,0
"心眼好有德行的人,才能一路顺遂!",爆款口播（500以上点赞）,,,,0
"大师说你破财,漏财应该如何处理?",爆款口播（500以上点赞）,,,,0
女人一定要舍掉的三个点,爆款口播（500以上点赞）,,,,0
装作很顺利你就能很顺利,爆款口播（500以上点赞）,,,,0
越来越有钱的四个秘密!,爆款口播（500以上点赞）,,,,0
"用好这六个心法,你会越来越旺!",爆款口播（500以上点赞）,,,,0
"负债压身易焦虑,教你简单一招!",爆款口播（500以上点赞）,,,,0
"床底放四样,招财旺运!",爆款口播（500以上点赞）,,,,0
翻身前的预兆你占了几条,爆款口播（500以上点赞）,,,,0
如何过上你想要的美好生活,爆款口播（500以上点赞）,,,,0
家里为什么不要有空瓶子空箱子,爆款口播（500以上点赞）,,,,0
今日芒种一起种下种子,爆款口播（500以上点赞）,,,,0
如何用两个心让自己贵人连连,爆款口播（500以上点赞）,,,,0
"公司店铺生意不好,试试这一招!",爆款口播（500以上点赞）,,,,0
两样东西不往外借，三样东西不往回接,爆款口播（500以上点赞）,,,,0
简单一招教你如何驾驭财富,爆款口播（500以上点赞）,,,,0
真正的亿万富豪有什么特征,爆款口播（500以上点赞）,,,,0
100 集财富小妙招 (十).冬天出生的人画什么样的妆?,爆款口播（500以上点赞）,,,,0
为什么说不要经常洗澡?,爆款口播（500以上点赞）,,,,0
担心是诅咒祝福是护佑,爆款口播（500以上点赞）,,,,0
"端午节艾草怎么挂,才是正确的?",爆款口播（500以上点赞）,,,,0
女人如何选择旺自己的衣服,爆款口播（500以上点赞）,,,,0
"注意四个问题,守护美好家庭",爆款口播（500以上点赞）,,,,0
冬天出生的美女如何穿衣化妆,爆款口播（500以上点赞）,,,,0
哪三种衣服女人夏天不要穿,爆款口播（500以上点赞）,,,,0
三种衣服女人切记不要乱穿！,爆款口播（500以上点赞）,,,,0
"女人切记要少干活,不要过度劳累",爆款口播（500以上点赞）,,,,0
100 集财富小妙招 (六).偷偷告诉你暴富秘籍,爆款口播（500以上点赞）,,,,0
牢记三句话日子越过越好,爆款口播（500以上点赞）,,,,0
泰哥教大家一个提升財富的妙招！,爆款口播（500以上点赞）,,,,0
为什么有小满没有大满节气,爆款口播（500以上点赞）,,,,0
翻身致富的秘籍，揭秘如何清理业力！,爆款口播（500以上点赞）,,,,0
"一个人在走运之前,气是先到的",爆款口播（500以上点赞）,,,,0
"戴首饰的四个讲究,你戴对了吗?",爆款口播（500以上点赞）,,,,0
如何在2025年赚大钱,爆款口播（500以上点赞）,,,,0
如何让自己的钱越存越多,爆款口播（500以上点赞）,,,,0
学会这三步你也是大富翁,爆款口播（500以上点赞）,,,,0
"小满节气三不做,健康过夏要牢记",爆款口播（500以上点赞）,,,,0
坚定自己是什么样的人，就会成为什么样的人,爆款口播（500以上点赞）,,,,0
100 集财富小妙招 (三)：钱如何越存越多？,爆款口播（500以上点赞）,,,,0
100 集财富小妙招 (五)：520 做两件事。,爆款口播（500以上点赞）,,,,0
孩子的能量场如何守护,爆款口播（500以上点赞）,,,,0
端午马上到了如何制作午阳水,爆款口播（500以上点赞）,,,,0
"想要米米多多,家里多种花草",爆款口播（500以上点赞）,,,,0
"出门办事之前,心里默念一句话",爆款口播（500以上点赞）,,,,0
"坚定自己是什么样的人,你就会成为什么样的人",爆款口播（500以上点赞）,,,,0
好运真的能被念出来吗,爆款口播（500以上点赞）,,,,0
女人好好穿化人生就能开挂,爆款口播（500以上点赞）,,,,0
用好四个字你将幸福一生,爆款口播（500以上点赞）,,,,0
"最近状态不好的伙伴,教你一个小妙招",爆款口播（500以上点赞）,,,,0
想要人生越过越旺记住这五点。,爆款口播（500以上点赞）,,,,0
怎么让钱包越来越鼓,爆款口播（500以上点赞）,,,,0
立夏以后要多吃哪样食物,爆款口播（500以上点赞）,,,,0
衣服穿的对，米米少不了！,爆款口播（500以上点赞）,,,,0
"女性戴饰品,应该如何选择",爆款口播（500以上点赞）,,,,0
怎么穿衣服容易暴富,爆款口播（500以上点赞）,,,,0
家有三不动日子一定红,爆款口播（500以上点赞）,,,,0
"这四种衣服切记,不要随便穿",爆款口播（500以上点赞）,,,,0
立夏过后吃一物，2025 财富翻翻。,爆款口播（500以上点赞）,,,,0
立夏有五忌一定要牢记,爆款口播（500以上点赞）,,,,0
立夏节气,爆款口播（500以上点赞）,,,,0
假若你的运气不好，切记不去四个地方。,爆款口播（500以上点赞）,,,,0
戴手链的三条禁忌,爆款口播（500以上点赞）,,,,0
用三种方式花钱让钱越花越多,爆款口播（500以上点赞）,,,,0
用好这两招不缺钱不缺爱,爆款口播（500以上点赞）,,,,0
做好这五点钱会主动找你,爆款口播（500以上点赞）,,,,0
换大运之前有哪些信号,爆款口播（500以上点赞）,,,,0
如何让孩子出人头地,爆款口播（500以上点赞）,,,,0
"五一立夏家里有鸡蛋,赶紧试试这一招!",爆款口播（500以上点赞）,,,,0
如何让老公的事业水涨船高,爆款口播（500以上点赞）,,,,0
坚持一个动作保持好运连连,爆款口播（500以上点赞）,,,,0
做好三个字灾难磨难全远离,爆款口播（500以上点赞）,,,,0
生意越做越大的五个秘密!# 传统文化 # 生意兴隆财源滚滚 # 职场,爆款口播（500以上点赞）,,,,0
如何让横财主动找上门,爆款口播（500以上点赞）,,,,0
五一旅游用这招调成吸金体质,爆款口播（500以上点赞）,,,,0
坚持一个动作增加你的福气,爆款口播（500以上点赞）,,,,0
大耘来之前，会有什么征兆？,爆款口播（500以上点赞）,,,,0
人生想要变好，做到一件事,爆款口播（500以上点赞）,,,,0
你家孩子以后肯定有大出息,爆款口播（500以上点赞）,,,,0
暴富以后哪四件事不能做,爆款口播（500以上点赞）,,,,0
穿衣颜色有讲究!这样穿旺自己!,爆款口播（500以上点赞）,,,,0
"做到这五点,2025越来越旺!",爆款口播（500以上点赞）,,,,0
"真正的好命,都是先苦后甜",爆款口播（500以上点赞）,,,,0
换大耘之前会有什么征兆?,爆款口播（500以上点赞）,,,,0
旺自己的八个小技巧,爆款口播（500以上点赞）,,,,0
人转运最快的方式，你就记住三点叫天补地补人补,爆款口播（500以上点赞）,,,,0
谷雨节气习俗一不吃二要做,爆款口播（500以上点赞）,,,,0
牢记四条忠告，人生越过越好,爆款口播（500以上点赞）,,,,0
敢于打破舒适圈提升自己,爆款口播（500以上点赞）,,,,0
每天起床要做的八件事！,爆款口播（500以上点赞）,,,,0
如何让老公财运越来越好,爆款口播（500以上点赞）,,,,0
每天早上起床记得做这件事,爆款口播（500以上点赞）,,,,0
"相信低谷期的自己,一定会逆转,",爆款口播（500以上点赞）,,,,0
"人生想要福报满满,记住这五不说",爆款口播（500以上点赞）,,,,0
用好一个字让你越来越富贵,爆款口播（500以上点赞）,,,,0
让钱主动找上门的五个小妙招！,爆款口播（500以上点赞）,,,,0
如何通过穿衣给自己带来富贵,爆款口播（500以上点赞）,,,,0
为什么说听老婆话的男人福气最好？,爆款口播（500以上点赞）,,,,0
女人富养自己最好的方式是什么？,爆款口播（500以上点赞）,,,,0
夫妻之间应该谁管钱,爆款口播（500以上点赞）,,,,0
学会这一招你也能大富大贵,爆款口播（500以上点赞）,,,,0
扔掉三样东西生活越来越好,爆款口播（500以上点赞）,,,,0
如何让钱主动来找你,爆款口播（500以上点赞）,,,,0
"女性饰品应该怎么选,对自己更好?",爆款口播（500以上点赞）,,,,0
"每天出门默念一句话,让钱主动找上门!",爆款口播（500以上点赞）,,,,0
有慧根的女人是什么样的?,爆款口播（500以上点赞）,,,,0
每天起床一定要做这件事,爆款口播（500以上点赞）,,,,0
"2025年想要耘气好,记住这四个字!",爆款口播（500以上点赞）,,,,0
房子真的越大越好吗,爆款口播（500以上点赞）,,,,0
简单的一招轻松远离霉运,爆款口播（500以上点赞）,,,,0
不顺心的时候记住八句话,爆款口播（500以上点赞）,,,,0
学会一句妙语让你人生开挂,爆款口播（500以上点赞）,,,,0
女人到了中年，只能靠这三样！,爆款口播（500以上点赞）,,,,0
"学会演戏,你就成功了98%",爆款口播（500以上点赞）,,,,0
车里有三样东西千万不要放。,爆款口播（500以上点赞）,,,,0
如何快速清除身上的霉运,爆款口播（500以上点赞）,,,,0
"简单一招,2025福气满满",爆款口播（500以上点赞）,,,,0
女人如何保护好自己的能量场,爆款口播（500以上点赞）,,,,0
"想改变命运,从改变说话开始",爆款口播（500以上点赞）,,,,0
吃饭的碗有哪些讲究,爆款口播（500以上点赞）,,,,0
如何在睡觉时都能收获满满,爆款口播（500以上点赞）,,,,0
感觉能量不足就多吃它,爆款口播（500以上点赞）,,,,0
"刷到泰哥的人,都是有福报的人",爆款口播（500以上点赞）,,,,0
"穿衣禁忌,这种衣服千万不要穿",爆款口播（500以上点赞）,,,,0
春天一个动作让你好运,爆款口播（500以上点赞）,,,,0
不做三件事好运自然来,爆款口播（500以上点赞）,,,,0
怎么走路才能越走越有运,爆款口播（500以上点赞）,,,,0
什么样的房子越住越旺,爆款口播（500以上点赞）,,,,0
一个家要走上坡路离不开这样的女人。,爆款口播（500以上点赞）,,,,0
"过好三月三,今后日子不一般",爆款口播（500以上点赞）,,,,0
多吃一种食物补充你的能量,爆款口播（500以上点赞）,,,,0
"发大财的人,都懂得挑选发财屋",爆款口播（500以上点赞）,,,,0
"泰哥教你简单一招,破译大财富咒语,",爆款口播（500以上点赞）,,,,0
暴富后千万不能干的四件事,爆款口播（500以上点赞）,,,,0
"想要人生直线上升,这两个字很重要",爆款口播（500以上点赞）,,,,0
"坚持一个动作,2025福气满满",爆款口播（500以上点赞）,,,,0
"夫妻怎么做,家宅兴旺子孙兴旺",爆款口播（500以上点赞）,,,,0
女人一定要远离这种男人,爆款口播（500以上点赞）,,,,0
"有这四种特征的对象,千万不要找!",爆款口播（500以上点赞）,,,,0
"多吃一种食物,补充你的能量",爆款口播（500以上点赞）,,,,0
女人想赚钱先丢掉这五样,爆款口播（500以上点赞）,,,,0
怎么判断房子里面有没有财气,爆款口播（500以上点赞）,,,,0
坚持一件事喜事好事都追你,爆款口播（500以上点赞）,,,,0
什么样的房子要赶紧搬家,爆款口播（500以上点赞）,,,,0
"耘势不好状态不好,多用这个植物",爆款口播（500以上点赞）,,,,0
一个玄学妙招.用好文字改变人生,爆款口播（500以上点赞）,,,,0
哪四种头像千万不能用,爆款口播（500以上点赞）,,,,0
清明节祭祖不能干的八件事,爆款口播（500以上点赞）,,,,0
"春天走对这三个地方,财运会悄悄找上门",爆款口播（500以上点赞）,,,,0
清明节上坟，别被谣言骗了！,爆款口播（500以上点赞）,,,,0
三个字改变人生？亲测有效的语言开运术！,爆款口播（500以上点赞）,,,,0
什么睡衣和床单千万不能用,爆款口播（500以上点赞）,,,,0
装聋作哑装瞎就会越来越好,爆款口播（500以上点赞）,,,,0
心想事成的小妙招,爆款口播（500以上点赞）,,,,0
一个小妙招让男人财源滚滚,爆款口播（500以上点赞）,,,,0
搬到新房子千万不能干的事,爆款口播（500以上点赞）,,,,0
清明节祭祖有四个禁忌,爆款口播（500以上点赞）,,,,0
"晨起三句话,时来运转好运连连",爆款口播（500以上点赞）,,,,0
人生逆转的核心只有两个字,爆款口播（500以上点赞）,,,,0
夫妻之间千万不要分床睡,爆款口播（500以上点赞）,,,,0
哪三种人适合养狗,爆款口播（500以上点赞）,,,,0
想要好运连连秘诀是什么,爆款口播（500以上点赞）,,,,0
春天要多吃什么东西,爆款口播（500以上点赞）,,,,0
拍照有哪些禁忌,爆款口播（500以上点赞）,,,,0
你找大师给你算过命吗,爆款口播（500以上点赞）,,,,0
办公室放什么植物对财富有利,爆款口播（500以上点赞）,,,,0
"出人头地不是偶然,你的孩子注定不一般!",爆款口播（500以上点赞）,,,,0
"旺自己的八大心法,幸福耘气都在这!",爆款口播（500以上点赞）,,,,0
惊蛰吃三样健康福绵长,爆款口播（500以上点赞）,,,,0
二月二龙抬头,爆款口播（500以上点赞）,,,,0
搬家结婚签合同应该挑什么日子,爆款口播（500以上点赞）,,,,0
千万不能犯的三个禁忌,爆款口播（500以上点赞）,,,,0
"长期独处的女性,都是特别聪明的人",爆款口播（500以上点赞）,,,,0
"女人想要幸福好运,一定要戒掉一个动作",爆款口播（500以上点赞）,,,,0
老天会赐好运给什么样的女人,爆款口播（500以上点赞）,,,,0
"这四种头像,千万不要乱用",爆款口播（500以上点赞）,,,,0
"家里再有钱,也要记住这几句话",爆款口播（500以上点赞）,,,,0
"除夕六不做,做了穷一年",爆款口播（500以上点赞）,,,,0
亲人走了以后哪件事不能干,爆款口播（500以上点赞）,,,,0
为什么女孩子今年要穿紫色？,爆款口播（500以上点赞）,,,,0
文曲星降临，你家孩子将有大福！,爆款口播（500以上点赞）,,,,0
二月二龙抬头这几件事记得做,爆款口播（500以上点赞）,,,,0
怎么看一个人招不招财,爆款口播（500以上点赞）,,,,0
早上一个动作孩子会越来越好,爆款口播（500以上点赞）,,,,0
睡觉的床应该如何摆放,爆款口播（500以上点赞）,,,,0
家中有三样不败也要亡,爆款口播（500以上点赞）,,,,0
出门谈生意默念三句话,爆款口播（500以上点赞）,,,,0
夫妻感情不好应该如何处理,爆款口播（500以上点赞）,,,,0
腊月洗澡有讲究顺应节气保健康,爆款口播（500以上点赞）,,,,0
哪四件事千万不能分享,爆款口播（500以上点赞）,,,,0
哪三件事腊月必须要做,爆款口播（500以上点赞）,,,,0
一个小妙招更有气质和福气,爆款口播（500以上点赞）,,,,0
今年扫尘日要念这几句话,爆款口播（500以上点赞）,,,,0
哪一种人千万不能招惹,爆款口播（500以上点赞）,,,,0
这五个点夫妻不要对外说,爆款口播（500以上点赞）,,,,0
枕边放三物健康又致富,爆款口播（500以上点赞）,,,,0
春节鞭炮怎么放记住这几个点,爆款口播（500以上点赞）,,,,0
家里的植物应该怎么摆放,爆款口播（500以上点赞）,,,,0
在家里不能犯的四个禁忌,爆款口播（500以上点赞）,,,,0
女人自带财气的三个表现,爆款口播（500以上点赞）,,,,0
你将越来越好你将否极泰来,爆款口播（500以上点赞）,,,,0
做好两个字人生处处是贵人,爆款口播（500以上点赞）,,,,0
钱财被骗竟然是好事,爆款口播（500以上点赞）,,,,0
你的好运气是怎么被偷走的,爆款口播（500以上点赞）,,,,0
年初一做个动作顺风顺水一整年,爆款口播（500以上点赞）,,,,0
如何才能拥有富足的人生,爆款口播（500以上点赞）,,,,0
暴富以后千万不能干的几件事,爆款口播（500以上点赞）,,,,0
你不发财天理不容,爆款口播（500以上点赞）,,,,0
如何打造属于自己的财富磁场,爆款口播（500以上点赞）,,,,0
人生四不说福报自然来,爆款口播（500以上点赞）,,,,0
想要家庭幸福避免这三种情况,爆款口播（500以上点赞）,,,,0
如何让我们的福报源源不断,爆款口播（500以上点赞）,,,,0
多给自己洗心你就能富贵一生,爆款口播（500以上点赞）,,,,0
你的大财要到了,爆款口播（500以上点赞）,,,,0
用好三个点2025你将起飞,爆款口播（500以上点赞）,,,,0
如何让好运始终伴着你,爆款口播（500以上点赞）,,,,0
如何让家庭和谐兴旺,爆款口播（500以上点赞）,,,,0
成为人生赢家的二字秘诀,爆款口播（500以上点赞）,,,,0
好命的女人有哪三个特质,爆款口播（500以上点赞）,,,,0
做到两个字你将拥有大成就,爆款口播（500以上点赞）,,,,0
远离五种人立马变好运,爆款口播（500以上点赞）,,,,0
戒掉一个动作远离麻烦与灾难,爆款口播（500以上点赞）,,,,0
为何靠近泰哥人生就会变好,爆款口播（500以上点赞）,,,,0
女人做好三个点就能富贵一生,爆款口播（500以上点赞）,,,,0
除夕做哪件事对明年最有利,爆款口播（500以上点赞）,,,,0
大年初一这样做好运一整年,爆款口播（500以上点赞）,,,,0
蛇年行大运,爆款口播（500以上点赞）,,,,0
家中四满富贵吉祥,爆款口播（500以上点赞）,,,,0
枕头底下放什么东西,爆款口播（500以上点赞）,,,,0
初四晚上这样做财神自然到你家,爆款口播（500以上点赞）,,,,0
改掉三个习惯你将贵人不断,爆款口播（500以上点赞）,,,,0
睡觉的枕头有哪些讲究,爆款口播（500以上点赞）,,,,0
男人一生中最大的贵人是谁,爆款口播（500以上点赞）,,,,0
怎么样花钱能让钱越来越多,爆款口播（500以上点赞）,,,,0
女人财运不顺床底放4样,爆款口播（500以上点赞）,,,,0
女人吃什么人生往上走,爆款口播（500以上点赞）,,,,0
福气过日子的最高境界,爆款口播（500以上点赞）,,,,0
正月十四做好一守一试,爆款口播（500以上点赞）,,,,0
元宵节小口诀有空就默念,爆款口播（500以上点赞）,,,,0
有福气灵气的人有什么特征,爆款口播（500以上点赞）,,,,0
如何通过手看人有没有钱,爆款口播（500以上点赞）,,,,0
老天会赐好运给哪种女人,爆款口播（500以上点赞）,,,,0
如何让自己变成招财体质的人,爆款口播（500以上点赞）,,,,0
想要家庭兴旺先做好这两点,爆款口播（500以上点赞）,,,,0
怎样才能让钱主动追着你跑,爆款口播（500以上点赞）,,,,0
"孩子的转运点到了,天赐良机",爆款口播（500以上点赞）,,,,0
"每天一句温暖话,孩子未来更精彩",爆款口播（500以上点赞）,,,,0
"关于碗的习俗,你了解多少?",爆款口播（500以上点赞）,,,,0
"除夕三不穿,蛇年财富顺",爆款口播（500以上点赞）,,,,0
"年底了,我们之前不穿的旧衣服该怎么办?",爆款口播（500以上点赞）,,,,0
"简单小妙招,让你2025财富满满",爆款口播（500以上点赞）,,,,0
"陷入痛苦负能量满满时,念念这个快乐咒语",爆款口播（500以上点赞）,,,,0
"避开八个小行为,不再漏财",爆款口播（500以上点赞）,,,,0
"旧衣服怎么处理,对我们自己更好",爆款口播（500以上点赞）,,,,0
"两个简单小动作,增加你的财气福气",爆款口播（500以上点赞）,,,,0
翻身走运前的六大征兆,爆款口播（500以上点赞）,,,,0
2025提升运势的九条玄学真相,爆款口播（500以上点赞）,,,,0
千万不要在床头放着四样物品!,爆款口播（500以上点赞）,,,,0
正月十五元宵节快乐,爆款口播（500以上点赞）,,,,0
"女人想要福气满满,记住这四不说",爆款口播（500以上点赞）,,,,0
如何让自己有花不完钱?,爆款口播（500以上点赞）,,,,0
"春天开运的秘密,99%的人都不知道,",爆款口播（500以上点赞）,,,,0
"立春时节万象新,愿你福运连连",爆款口播（500以上点赞）,,,,0
钱财被骗竟然是好事,爆款口播（500以上点赞）,,,,0
你将越来越好你将否极泰来,爆款口播（500以上点赞）,,,,0
在家里不能犯得四个禁忌,爆款口播（500以上点赞）,,,,0
家里的植物应该怎么摆放,爆款口播（500以上点赞）,,,,0
腊月要做的三件事,爆款口播（500以上点赞）,,,,0
"今年大扫除的最佳日子
大扫除要说这几句吉祥话",爆款口播（500以上点赞）,,,,0
2026所有女人多戴一个颜色,泰富手链,,,,0
2026 搞事业女人要有的一个东西。,泰富手链,,,,0
"生意人上班族,戴什么样的饰品最旺?",泰富手链,,,,0
"清明前后昏昏沉沉,试试这一招",柚来财香水,,,,0
"出现六个征兆,一定要注意!",柚来财香水,,,,0
为什么身上要有淡淡香味？,柚来财香水,,,,0
出门前记得带瓶水!,柚来财香水,,,,0
2026年这个地方要格外注意,柚来财香水,,,,0
#好物 #香水,柚来财香水,,,,0
人无横财不富，马无夜草不肥,柚来财香水,,,,0
2026用这个给自己换个状态,柚来财香水,,,,0
越倒霉的时候越要给自己买礼物,柚来财香水,,,,0
不是大牌买不起而是柚叶更有性价比,柚来财香水,,,,0
出现6种情况女人要当心,柚来财香水,,,,0
女人想越来越好，切记不要有这三点,柚来财香水,,,,0
女人跟着泰哥选对香。,柚来财香水,,,,0
女人如何去做人生才能支棱起来？,柚来财香水,,,,0
为什么女人身上要有香味？,柚来财香水,,,,0
为什么这个香水很多人说好,柚来财香水,,,,0
你的偏米米将越来越好,柚来财香水,,,,0
出门住酒店，注意这几件事！,柚来财香水,,,,0
出门前一个动作偏米越来越多,柚来财香水,,,,0
如何能让偏米越来越好,柚来财香水,,,,0
中元节前后多做一个动作,柚来财香水,,,,0
"中元节晚上,不要去这五个地方!",柚来财香水,,,,0
为什么农历七月女人孩子注意,柚来财香水,,,,0
中元节不能去哪五个地方,柚来财香水,,,,0
出现六个征兆一定要注意,柚来财香水,,,,0
近期状态不好喷它试一试,柚来财香水,,,,0
为何气味对状态影响这么大！,柚来财香水,,,,0
出现六个情况千万要注意,柚来财香水,,,,0
如何让偏米越来越好,柚来财香水,,,,0
出现6个信号担心别人借运,柚来财香水,,,,0
"心力弱y气重的女生,泰哥教你用一招",柚来财香水,,,,0
"每天喷一喷,横米越来越多",柚来财香水,,,,0
如何让自己拥有大偏财运,柚来财香水,,,,0
早晨一个动作横米越来越多,柚来财香水,,,,0
心力弱阴气重试试这一招,柚来财香水,,,,0
状态不好没灵感一招教你解决,柚来财香水,,,,0
远离三种相人生越来越旺,柚来财香水,,,,0
所有女性毒五月要格外注意了,柚来财香水,,,,0
用好这个方法人生持续上升,柚来财香水,,,,0
出现这些信号女人要千万注意,柚来财香水,,,,0
谈大生意之前要做哪个动作,柚来财香水,,,,0
"每天持续用一招,2025惊喜不断",柚来财香水,,,,0
"近期状态不好,试试这一招!",柚来财香水,,,,0
简单的三招教你走出低谷期,柚来财香水,,,,0
泰哥做重要事前，都做什么动作？,柚来财香水,,,,0
一个简单的动作提升做事成功率。,柚来财香水,,,,0
每天涂一涂人生直线上升,柚来财香水,,,,0
广东富豪那么多到底是什么原因,柚来财香水,,,,0
"去医院和某些地方后,记得",柚来财香水,,,,0
五月这个动作都要学起来 #国学文化 #智慧人生 #提升,柚来财香水,,,,0
当你看到这条视频时，就是时来运转之时。,柚来财香水,,,,0
女性额头点一点好运好事自然来,柚来财香水,,,,0
"去医院看朋友,记得做这个动作,",柚来财香水,,,,0
"额头点一点,好耘自然来",柚来财香水,,,,0
"远离三种“相”,愿你2025越来越好!",柚来财香水,,,,0
出门前简单三招，好事你想不到,柚来财香水,,,,0
如果家里总是这样，可得注意了。,遇水则发地垫,,,,0
什么方法洗澡越洗越有,遇水则发地垫,,,,0
今年家里这款地垫安排上,遇水则发地垫,,,,0
今年这个在家偷偷放起来,遇水则发地垫,,,,0
今年咱家里也要养一种花,遇水则发地垫,,,,0
偷偷放个东西,遇水则发地垫,,,,0
家里有卫生间的注意,遇水则发地垫,,,,0
家里总吵架试试这个地垫,遇水则发地垫,,,,0
卫生间门口应该放什么,遇水则发地垫,,,,0
洗澡竟然能越洗越有,遇水则发地垫,,,,0
富豪家的共同点刷到照做,遇水则发地垫,,,,0
今年家里多养一种花,遇水则发地垫,,,,0
今年家家户户一定要养一种花,遇水则发地垫,,,,0
"2026要格外注意,家里这个地方",遇水则发地垫,,,,0
"2026家里这个位置,一定要重视起来",遇水则发地垫,,,,0
家里洗澡这个地方到底有多重要,遇水则发地垫,,,,0
如何提升自己的气质?,凤九狐狸吊坠,,,,0
#好物 #吊坠,凤九狐狸吊坠,,,,0
"李姐做了什么,老公大变样?",凤九狐狸吊坠,,,,0
女人的包包千万处理好,流沙钥匙扣,,,,0
女人的包包千万处理好,流沙钥匙扣,,,,0
女人留不住钱，试试这样做！,财箱包,,,,0
#好物 #包包 #財箱包,财箱包,,,,0
#好物 #包包 #財箱包,财箱包,,,,0
#好物 #包包 #財箱包,财箱包,,,,0
#好物 #包包 #財箱包,财箱包,,,,0
#好物 #包包 #財福包,财箱包,,,,0
2026所有女人包包里装一物,财箱包,,,,0
女人年底如何做2026压满仓,财箱包,,,,0
为什么富婆明星那么爱买包包,财箱包,,,,0
泰哥教你一个大米的真相,财箱包,,,,0
富婆在背什么样的包包,财箱包,,,,0
女人买包的快乐你知道吗！,财箱包,,,,0
女人除夕过后有三不买,财箱包,,,,0
你知道吗？原来包包也有公母,财箱包,,,,0
新一年姐妹给自己买个新包,财箱包,,,,0
女人年底背这个包包！,财箱包,,,,0
一招教你往上翻一番,财箱包,,,,0
再没实力都要准备这样一个包,财箱包,,,,0
富婆都在背的包包究竟是什么,财箱包,,,,0
富婆在背什么样的包包,财箱包,,,,0
元旦过后女人有三不买,财箱包,,,,0
新年翻一番 教你一个妙招,财箱包,,,,0
富婆都在用的财箱 让你明年翻一番,财箱包,,,,0
泰哥新款包包用了都说好！,财箱包,,,,0
女人买包的快乐你知道吗！#好物 #包包 #財箱包,财箱包,,,,0
女人年底背这个包包！#好物 #財箱包,财箱包,,,,0
多用一个颜色的财箱,财箱包,,,,0
美女粉丝背包半个月，惊喜连连。,财箱包,,,,0
女人2026如何翻一番,财箱包,,,,0
年底想翻番，试试这个包。,财箱包,,,,0
泰哥这款包包为何这么好,财箱包,,,,0
为什么元旦当天床头要放一物,财箱包,,,,0
年底小妙招，米米翻番,财箱包,,,,0
女人不要买二手奢侈品包包,财箱包,,,,0
大家都在背这个包到底好在哪？,财箱包,,,,0
女人多配这个包包!,财箱包,,,,0
配上这个材箱真的能翻几番？,财箱包,,,,0
"泰哥这个新款包包,为何这么好?",财箱包,,,,0
"年底想翻番,试试这个包",财箱包,,,,0
泰哥新款包包到底好在哪！#包包 #财箱包,财箱包,,,,0
到底是什么包包富婆都说好！#好物 #包包 #财箱包,财箱包,,,,0
手机上一定要贴现在还来得及,财福芦,,,,0
为什么年底要贴这个手机贴！,财福芦,,,,0
"美女粉丝给手机穿新衣,惊喜连连",财福芦,,,,0
富豪们年底都会做的一件事,财福芦,,,,0
"年底手机穿新衣,2026开好头",财福芦,,,,0
年底手机要注意！,财福芦,,,,0
所有女人元旦送自己一份礼物,2026年新年喜庆红包,,,,0
所有女人元旦送自己一份礼物,2026年新年喜庆红包,,,,0
什么戒指戴过都说好？,宝凤凰戒指,,,,0
2026女人要格外注意这两件事,宝凤凰戒指,,,,0
从冬至开始穿着打扮要与时代同频。,宝凤凰戒指,,,,0
"为何女人再没钱,也要戴戒指",宝凤凰戒指,,,,0
2026 多用一个图案，你的人生也能绽放。,宝凤凰戒指,,,,0
"40岁的女人,戴戒指的三大原则!",宝凤凰戒指,,,,0
为什么女人要多戴首饰,宝凤凰戒指,,,,0
富婆女老板都在戴什么首饰,宝凤凰戒指,,,,0
2026女人要注意两件事,宝凤凰戒指,,,,0
真正的富婆都是戴什么戒指,宝凤凰戒指,,,,0
2026 不管男人女人多用一个图案。,宝凤凰戒指,,,,0
女人同龄且显老是首饰选错了,宝凤凰戒指,,,,0
女人的戒指应该怎么选,宝凤凰戒指,,,,0
女人过四十记住这三个原则,宝凤凰戒指,,,,0
女人戴戒指就戴这种！,宝凤凰戒指,,,,0
富婆出门都戴什么戒指！,宝凤凰戒指,,,,0
富婆都是戴什么首饰,宝凤凰戒指,,,,0
为什么富婆都不戴黄金戒指,宝凤凰戒指,,,,0
为何富婆把戒指戴在右手中指,宝凤凰戒指,,,,0
想赚钱的女人可别错过这个,宝凤凰戒指,,,,0
女人一定要多戴这种首饰,宝凤凰戒指,,,,0
女人的首饰应该怎么选,宝凤凰戒指,,,,0
女人这几款戒指千万不要戴,宝凤凰戒指,,,,0
女人要选什么戒指？,宝凤凰戒指,,,,0
女人要多戴！,宝凤凰戒指,,,,0
为什么元旦后家里要点蜡烛,紫聚宝蜡烛,,,,0
为什么元旦当天家里要点蜡烛,紫聚宝蜡烛,,,,0
元旦做件事给新年开好头,紫聚宝蜡烛,,,,0
元旦前后这几天一定要把握住,紫聚宝蜡烛,,,,0
"今年的除夕夜,记得点蜡烛!",紫聚宝蜡烛,,,,0
泰哥怒斥假货太过分，正品认准南心合一。,紫聚宝蜡烛,,,,0
冬至前后这一物要点上,紫聚宝蜡烛,,,,0
今年除夕夜这个东西要用上,紫聚宝蜡烛,,,,0
紫聚宝蜡烛，这个冬天用起来,紫聚宝蜡烛,,,,0
今年立冬后这件事坚持做,紫聚宝蜡烛,,,,0
立冬快到了，试试这个,紫聚宝蜡烛,,,,0
想赚钱的女人可别错过这个,紫来彩戒指,,,,0
没质感的首饰女人千万别戴,紫来彩戒指,,,,0
为什么那些老板都会去戴紫水晶,紫来彩戒指,,,,0
富婆戴戒指喜欢戴哪个手指,紫来彩戒指,,,,0
为什么那些女老板都会去戴紫水晶,紫来彩戒指,,,,0
教你一个提升自身魅力的妙招！,紫来彩戒指,,,,0
这几类女人该怎么选戒指,紫来彩戒指,,,,0
为什么很多女人喜欢戴这个？,紫来彩戒指,,,,0
戒指戴得好财富少不了,紫来彩戒指,,,,0
"蛇年必戴,紫来彩戒指",紫来彩戒指,,,,0
这几类女人为什么不能随便戴戒指,紫来彩戒指,,,,0
女人如何选择合适的戒指,紫来彩戒指,,,,0
"戴戒指别太随意,选择适合自己的!",紫来彩戒指,,,,0
女人戴戒指应该如何选择,紫来彩戒指,,,,0
为何富婆把戒指戴右手中指,紫来彩戒指,,,,0
真正有品位的在背什么包包!,大财包,,,,0
女人的气质不要被大牌困住,大财包,,,,0
聪明的女人都在这样守护财富。,大财包,,,,0
这个包包背过的都说好,大财包,,,,0
女人多买包到底有没有用,大财包,,,,0
这个包包背过的都说好,大财包,,,,0
女人的气质不要被大牌困住,大财包,,,,0
为什么泰哥这款財福包这么受欢迎！,大财包,,,,0
包包怎么选！,大财包,,,,0
女人到底应该背什么样的包包,大财包,,,,0
女人到底应该背什么样的包包,大财包,,,,0
进入农历七月，家家户户都要做一件事,九紫财香,,,,0
农历七月为了家人要注意,九紫财香,,,,0
农历五月做好三件事，2025 福气满满。,九紫财香,,,,0
被别人借运了怎么办,九紫财香,,,,0
清明出去旅游一定要带着它,九紫财香,,,,0
清明节祭祖后回家要做一件事,九紫财香,,,,0
清明节祭祖回来做一个动作,九紫财香,,,,0
这八种情况一定要点香,九紫财香,,,,0
三九天的时候 要在家里做一个动作,九紫财香,,,,0
农历五月千万要注意一个细节,九紫财香,,,,0
元旦一定要做个动作,九紫财香,,,,0
夫妻关系不和一定要用它,葫芦,,,,0
床头朝西如何调整,葫芦,,,,0
蛇年床头朝西，应该如何调整,葫芦,,,,0
哪五样东西不能放门口,葫芦,,,,0
农历五月为何用它来“武装”自己,走运袜,,,,0
今年春联如何选?,凤凰纳财对联,,,,0
今年对联怎么贴,凤凰纳财对联,,,,0
今年这两种对联看看你家有没有,凤凰纳财对联,,,,0
2026千万不能贴这两种对联,凤凰纳财对联,,,,0
哪几种对联过年千万不要贴,凤凰纳财对联,,,,0
小年前家家户户记得放一物,凤凰纳财对联,,,,0
今年除夕哪些需要格外注意,凤凰纳财对联,,,,0
小年前家家户户记得放一物,凤凰纳财对联,,,,0
为什么今年除夕要格外注意,凤凰纳财对联,,,,0
"春联,什么时间贴最好?",凤凰纳财对联,,,,0
为什么这个对联要提前备！,凤凰纳财对联,,,,0
2026家门口怎么布置！,凤凰纳财对联,,,,0
为什么对联要提前选好,凤凰纳财对联,,,,0
生僻字对联千万不要贴,凤凰纳财对联,,,,0
为什么元旦后家里要放这个,凤凰纳财对联,,,,0
2026年的对联千万不要贴错了,凤凰纳财对联,,,,0
今年除夕一定要格外注意！,凤凰纳财对联,,,,0
为什么对联要提前调好,凤凰纳财对联,,,,0
为什么元旦后家里要放这个,凤凰纳财对联,,,,0
春联很重要一定要选好,凤凰纳财对联,,,,0
"2026双火年,家里春联该如何选择",凤凰纳财对联,,,,0
为什么元旦后家里要放这个,凤凰纳财对联,,,,0
为什么对联一定要提前选好,凤凰纳财对联,,,,0
"家里的旧春联,该如何处理?",凤凰纳财对联,,,,0
今年贴春联，这三种不要再贴了！,凤凰纳财对联,,,,0
春联有三不贴，你一定要重视！,凤凰纳财对联,,,,0
"家里的旧春联,该如何处理?",凤凰纳财对联,,,,0
大年三十多做这几件事！,凤凰纳财对联,,,,0
贴春联三禁忌你家别踩坑,凤凰纳财对联,,,,0
女人的首饰如何选对,火凤凰手链,,,,0
立冬前后抓紧找到好朋友,火凤凰手链,,,,0
女人不用动脸!,灵狐凤九贴,,,,0
"为何很多女明星演完,这个变得越来越顺?",灵狐凤九贴,,,,0
包包里放这个东西！#凤九,灵狐凤九贴,,,,0
为何小姐姐的智慧灵性变的越来越高？,灵狐凤九贴,,,,0
女人想要提升魅力其实很简单,灵狐凤九贴,,,,0
女人如何才能脱胎换骨,灵狐凤九贴,,,,0
老公在外面有4-1怎么办,灵狐凤九贴,,,,0
灵性越来越高，试试这个东西！,灵狐凤九贴,,,,0
你将越来越漂亮,灵狐凤九贴,,,,0
简单的一招提升气质和灵性,灵狐凤九贴,,,,0
如何提升自己的气质?# 女性必看 # 精致好物 # 好物推荐 # 气质,灵狐凤九贴,,,,0
"女人如何越来越漂亮,灵性越来越高",灵狐凤九贴,,,,0
喜欢内耗的女人应该怎么办,灵狐凤九贴,,,,0
三个简单方法教你变美变年轻,灵狐凤九贴,,,,0
女人如何才能越来越漂亮,灵狐凤九贴,,,,0
"女人如何越来越漂亮,越来越有灵性",灵狐凤九贴,,,,0
你将越来越漂亮越来越有智慧,灵狐凤九贴,,,,0
2026多用这一个密码,新灶台贴,,,,0
小年前厨房灶台怎么贴,新灶台贴,,,,0
这样的灶台贴就算白送也不要贴。,新灶台贴,,,,0
立春前记得贴上灶爷爷贴纸,新灶台贴,,,,0
厨房灶台为什么要用这个,新灶台贴,,,,0
2026家家户户灶台记得贴一物,新灶台贴,,,,0
2026多用这一个密码,新灶台贴,,,,0
小年这天为什么要贴,新灶台贴,,,,0
"年底厨房要注意,做好这四步!",新灶台贴,,,,0
"厨房五不要,要格外注意!",新灶台贴,,,,0
家里电箱煤气灶多做这个动作,新灶台贴,,,,0
"小年迎灶神爷爷,2026状态满满!",新灶台贴,,,,0
家里电箱煤气灶多做这个动作,新灶台贴,,,,0
女人不要拎假包,財福水桶包,,,,0
到底是什么包包背着都说好,財福水桶包,,,,0
到底是什么包包背过都说好,財福水桶包,,,,0
女人有米无库难怪你会存不住,財福水桶包,,,,0
到底什么包包背着都说好,財福水桶包,,,,0
女人年底剩不下钱如何调整,財福水桶包,,,,0
这几种包包女人可别随便背,財福水桶包,,,,0
为什么你总是存不住米米,財福水桶包,,,,0
女人多买包包竟然有那么多好处,財福水桶包,,,,0
夫妻房间不放这四样东西,財福水桶包,,,,0
所有美女重视起来！,財福水桶包,,,,0
女人有米无库难怪你会存不住,財福水桶包,,,,0
这几种包包女人可别随便背,財福水桶包,,,,0
"下半年存不住財,要如何调整?",財福水桶包,,,,0
下半年出门一定要拎着它,財福水桶包,,,,0
寒露以后出门要背它,財福水桶包,,,,0
月底剩不下钱，该如何调整？,財福水桶包,,,,0
农历8月份多买这个东西！,財福水桶包,,,,0
女人一定要多买包包。,財福水桶包,,,,0
女人都爱的包包！,財福水桶包,,,,0
女人包包有五种不要乱背。,財福水桶包,,,,0
下半年，女人切记多买一样物品,財福水桶包,,,,0
为何女人要多买包包？,財福水桶包,,,,0
月底剩不下钱，该如何调整？,財福水桶包,,,,0
为什么这么多富婆喜欢这个包包？,財福水桶包,,,,0
为什么很多富婆都喜欢买包包？,財福水桶包,,,,0
女人为什么要多给自己买包？,財福水桶包,,,,0
为何包包越多米米就越多,財福水桶包,,,,0
哪五种包包千万不要背,財福水桶包,,,,0
女人一定要多买包包！,財福水桶包,,,,0
女人要多买哪一样东西,財福水桶包,,,,0
女人存不住钱看看包包选对没,財福水桶包,,,,0
试试这个东西！,財福水桶包,,,,0
女人什么越多米米就会变多,財福水桶包,,,,0
下半年女人如何挑选包包,財福水桶包,,,,0
农历八月中秋要给自己买个包,財福水桶包,,,,0
"2025下半年,要多用一个颜色",抱枕,,,,0
新年家里公司多用一个颜色,抱枕,,,,0
农历五月为何要多用紫色抱枕？,抱枕,,,,0
农历五月为何要多用紫色抱枕,抱枕,,,,0
紫色靠山抱枕到底有多好,抱枕,,,,0
手机后面放现金 别再犯傻了,发财树手机贴,,,,0
手机后面放现金 别再犯傻了,发财树手机贴,,,,0
普通人手机后边放什么更招米,发财树手机贴,,,,0
普通人手机后边别放这个了。,发财树手机贴,,,,0
手机壳后面可以放钱吗,发财树手机贴,,,,0
家里有镜子的注意！,泰有福镜子贴,,,,0
"2025下半年,记得做一个动作",泰有福镜子贴,,,,0
照镜子竟然能把想要的生活照进现实,泰有福镜子贴,,,,0
中秋节前后家里，镜子上记得贴这个。,泰有福镜子贴,,,,0
为什么家里镜子要贴这个东西,泰有福镜子贴,,,,0
车牌有这些数字一定要注意,3949车贴,,,,0
开车出问题试试这一招,3949车贴,,,,0
你的车牌号有这些数字吗,3949车贴,,,,0
"为何车牌号有0有5,一定要重视起来?",3949车贴,,,,0
车牌有这些数字一定要注意,3949车贴,,,,0
检查下你的车牌有没有这些数字,3949车贴,,,,0
简单的动作你也可以走大运,蜡烛,,,,0
你该转运了,蜡烛,,,,0
端午前后用一招调成吸金体质。,蜡烛,,,,0
粉丝宝宝是如何心想事成的,蜡烛,,,,0
"清明节女人祭祖回来,不要忘记做这件事",蜡烛,,,,0
二月二龙抬头记得做这件事！,蜡烛,,,,0
元宵节快到了记得做这件事,蜡烛,,,,0
除夕夜三讲究，2025平安快乐,蜡烛,,,,0
今年元旦不一般 一定要把握住,蜡烛,,,,0
为何大年三十初一只干一件事情！,蜡烛,,,,0
冬至这一天一定要做一件事,蜡烛,,,,0
冬至快到了这个动作一定要做,蜡烛,,,,0
马上元旦了如何辞旧迎新,蜡烛,,,,0
元宵节记得做这件事!,蜡烛,,,,0
二月二千万别忘记做这件事!,蜡烛,,,,0
女人应该如何挑选适合的项链！,紫来彩葫芦项链,,,,0
女人想赚钱拼事业试试这样做,紫来彩葫芦项链,,,,0
女人下半年都要戴什么首饰,紫来彩葫芦项链,,,,0
想图个福禄双全试试这个葫芦项链,紫来彩葫芦项链,,,,0
女人戴项链应该如何选择,紫来彩葫芦项链,,,,0
什么样的耳饰不张扬且有高级感?,紫来彩耳钉,,,,0
耳饰选对了，真的能魅力加分！,紫来彩耳钉,,,,0
有耳洞的女人该如何选择耳钉,紫来彩耳钉,,,,0
为什么耳洞不能空着,紫来彩耳钉,,,,0
为什么耳洞不能让它空着,紫来彩耳钉,,,,0
"女人想要旺财运,泰哥教你一个动作",紫来彩耳钉,,,,0
家里哪个东西对女人伤害很大,莲花鲤鱼贴,,,,0
家里总是吵架，泰哥教你一个方法。,莲花鲤鱼贴,,,,0
洗衣机在厕所这个动作不要忘,莲花鲤鱼贴,,,,0
有钱人在家里都在家里偷偷贴什么？,莲花鲤鱼贴,,,,0
家里总是吵架，泰哥教你一个方法。,莲花鲤鱼贴,,,,0
有钱人都在家里偷偷贴什么,莲花鲤鱼贴,,,,0
"女人调整好家里三个位置,2025福气满满!",莲花鲤鱼贴,,,,0
别人都在发财，真实原因在这。,莲花鲤鱼贴,,,,0
鞋放三处家中难富,莲花鲤鱼贴,,,,0
所有的女人注意家里三个地方,莲花鲤鱼贴,,,,0
总跟老公吵架试试这一招,莲花鲤鱼贴,,,,0
所有女人要注意家里的这个东西,莲花鲤鱼贴,,,,0
家里卫生间你要处理好才行,莲花鲤鱼贴,,,,0
偷偷的告诉你卫生间切记贴这个。,莲花鲤鱼贴,,,,0
为什么要偷偷在卫生间贴上它,莲花鲤鱼贴,,,,0
所有女人要注意家里的这个东西,莲花鲤鱼贴,,,,0
家中鞋柜三不放，2025 福气满满。,莲花鲤鱼贴,,,,0
家中这三个地方不要放鞋子,莲花鲤鱼贴,,,,0
夫妻经常吵架试试这一招,莲花鲤鱼贴,,,,0
家里总是争吵不断，试试这个办法！,莲花鲤鱼贴,,,,0
为什么开门不能见鞋柜和厕所,莲花鲤鱼贴,,,,0
为什么女人要注意这个地方,莲花鲤鱼贴,,,,0
想要好运连连.记住这一招,莲花鲤鱼贴,,,,0
女人一定要注意！,莲花鲤鱼贴,,,,0
"鞋不放三处,富贵永不愁!",莲花鲤鱼贴,,,,0
哪三个地方不能放鞋子,莲花鲤鱼贴,,,,0
经常和老公吵架该怎么解决,莲花鲤鱼贴,,,,0
家里哪个东西对女人伤害很大,莲花鲤鱼贴,,,,0
"很多人家里的大问题,都来自于这个地方",莲花鲤鱼贴,,,,0
"为什么洗衣机
对女性伤害很大",莲花鲤鱼贴,,,,0
进门见鞋柜厕所对我们有什么影响？,莲花鲤鱼贴,,,,0
为什么家里的洗衣机一定要重视起来?,莲花鲤鱼贴,,,,0
富贵人家都在这样调整门口鞋柜,莲花鲤鱼贴,,,,0
进门鞋柜厕所的快这样调整,莲花鲤鱼贴,,,,0
家里的洗衣机应该放在哪,莲花鲤鱼贴,,,,0
为何女人要注意家里的洗衣机,莲花鲤鱼贴,,,,0
哪两样东西不能在家门口,莲花鲤鱼贴,,,,0
进门鞋柜厕所的快这样调整,莲花鲤鱼贴,,,,0
家门口千万不要犯的两个禁忌,莲花鲤鱼贴,,,,0
洗衣机在厕所的一定要注意了,莲花鲤鱼贴,,,,0
洗衣机的摆放有什么讲究,莲花鲤鱼贴,,,,0
大门口有鞋柜应该如何解决,莲花鲤鱼贴,,,,0
为什么进门见厕所，财富见了躲？,莲花鲤鱼贴,,,,0
家门口千万不能犯的两个禁忌,莲花鲤鱼贴,,,,0
为什么家里厕所要贴上它,莲花鲤鱼贴,,,,0
洗手间位置不好应该怎么处理,莲花鲤鱼贴,,,,0
为何厕所和鞋柜一定要贴它,莲花鲤鱼贴,,,,0
入户门对着厕所应该如何解决,莲花鲤鱼贴,,,,0
"进门见厕所,财富见了躲",莲花鲤鱼贴,,,,0
家里有样东西，千万不要忽略,莲花鲤鱼贴,,,,0
家里有样东西，千万不要忽略,莲花鲤鱼贴,,,,0
门牌号有0有5千万要注意,3949门牌贴,,,,0
"大门对楼梯间,应该怎么办?",3949门牌贴,,,,0
门牌号有0有5一定要注意,3949门牌贴,,,,0
门口贴这个门牌究竟有多好,3949门牌贴,,,,0
到底是什么东西富豪们都在用,3949门牌贴,,,,0
2025年大门上一定要贴上它,3949门牌贴,,,,0
贴了这个门牌发生了什么变化,3949门牌贴,,,,0
贵气的门牌贴你也值得拥有,3949门牌贴,,,,0
为什么家里要贴门牌贴,3949门牌贴,,,,0
贴了3949门牌发生了什么变化,3949门牌贴,,,,0
偷偷的告诉你年底3949门牌贴起来,3949门牌贴,,,,0
简单的一招你也能暴富,九紫摇钱树,,,,0
床头不能放哪五样东西,九紫摇钱树,,,,0
门口放一物来米又暴富,九紫摇钱树,,,,0
大富豪家里都会放什么东西,九紫摇钱树,,,,0
做生意的如何让客户越来越多,九紫摇钱树,,,,0
用这个方法一不小心就暴富,九紫摇钱树,,,,0
"泰哥教你一招,助力你下半年腾飞!",九紫摇钱树,,,,0
如何让大客户越来越多,九紫摇钱树,,,,0
大姐用了摇钱树为什么如此兴奋,九紫摇钱树,,,,0
"端午之前用一物,财富自然来",九紫摇钱树,,,,0
店铺生意好不好看一个摆件就知道,九紫摇钱树,,,,0
如何收获自己的好运与幸福,九紫摇钱树,,,,0
哪些东西不能放在床头,九紫摇钱树,,,,0
为什么每个地方都要摆上它？,九紫摇钱树,,,,0
桌上放一物，招米又暴富！,九紫摇钱树,,,,0
多用摇钱树一天比一天富,九紫摇钱树,,,,0
如何让大客户越来越多,九紫摇钱树,,,,0
偷偷的告诉你如何让大客户越来越多。,九紫摇钱树,,,,0
公司店铺放什么最容易招贝才旺耘？,九紫摇钱树,,,,0
"为什么九紫摇钱树,越摇越有财",九紫摇钱树,,,,0
泰哥给大家推荐一个实打实的好东西,九紫摇钱树,,,,0
想暴富多玩摇钱树,九紫摇钱树,,,,0
家有摇钱树，米米挡不住,九紫摇钱树,,,,0
你的家里放摇钱树了吗,九紫摇钱树,,,,0
桌上放一物爆单又暴富,九紫摇钱树,,,,0
为什么粉丝宝宝一次要99棵,九紫摇钱树,,,,0
家有摇钱树不富也得富,九紫摇钱树,,,,0
你家有摇钱树吗,九紫摇钱树,,,,0
摇钱树可以放在哪里,九紫摇钱树,,,,0
普通人一定要把这个带回家！,九紫摇钱树,,,,0
刷到这条视频的把这个带回家！！！,九紫摇钱树,,,,0
富豪家有的你也要用起来,九紫摇钱树,,,,0
2025二月二如何开个好头？,九紫摇钱树,,,,0
新年新气象每天记得摇一摇,九紫摇钱树,,,,0
2025年你将财源滚滚,九紫摇钱树,,,,0
"重视一个地方,让你钱包满满!",九紫摇钱树,,,,0
"摇钱树摆得好,招财又进宝",九紫摇钱树,,,,0
有钱人家里都有一样物品,九紫摇钱树,,,,0
"客厅见树,十有九富",九紫摇钱树,,,,0
"家有摇钱树,不富也得富",九紫摇钱树,,,,0
手机壳里面为什么不能放钱,天官赐福贴,,,,0
为何手机壳后面不能放钱,天官赐福贴,,,,0
快试试这个东西！,天官赐福贴,,,,0
手机号有0有5一定要注意,天官赐福贴,,,,0
"为何从古至今,大富豪都重视门口?",天官赐福贴,,,,0
毒五月之前要把香包挂起来,五色葫芦香包,,,,0
端午带着它，好韵追你跑！,五色葫芦香包,,,,0
端午来临前有样东西要挂上,五色葫芦香包,,,,0
女神节用好一招暴富又好运,紫水暴富手链,,,,0
出门一个动作你也能否极泰来,泰火墨镜,,,,0
接近好的物品.就能吸引好的事物!,泰火墨镜,,,,0
什么是心灯怎么保护心灯,泰火墨镜,,,,0
为什么明星富豪出门都戴墨镜?,泰火墨镜,,,,0
枕头和地垫下为什么要放它,五帝钱,,,,0
枕头下放一物钱越来越多,五帝钱,,,,0
"枕头底下和门口垫子下,记得放一样东西",五帝钱,,,,0
枕头下放一物米米多多暴富,五帝钱,,,,0
为什么要带这把金钥匙,生肖钥匙扣,,,,0
锁住财富，开启幸福,生肖钥匙扣,,,,0
身上戴一物愿你越来越有钱,生肖钥匙扣,,,,0
家里不存财记住这一招,万三聚宝盆,,,,0
没事敲敲它家里财源滚滚,万三聚宝盆,,,,0
"家里不存财,记住这一招",万三聚宝盆,,,,0
手机号有0有5一定要用它,财五爷手机贴,,,,0
一个简单的方法让你破茧成蝶。,破茧成蝶戒指,,,,0
"女人饰品要注意,颜色选择很重要",破茧成蝶戒指,,,,0
一个小妙招教你变美变漂亮,破茧成蝶戒指,,,,0
你知道戒指戴在那个指头吗,破茧成蝶戒指,,,,0
女人的戒指应该戴在哪个手指,破茧成蝶戒指,,,,0
女人佩戴戒指应该如何选择,破茧成蝶戒指,,,,0
常戴的首饰坏了是好还是坏,破茧成蝶戒指,,,,0
蝴蝶配饰竟也能影响运势,破茧成蝶戒指,,,,0
"戒指戴的好,福气财气少不了",破茧成蝶戒指,,,,0
普通人手机后面不要放这个！,财库手机贴,,,,0
你不发大财真的天理不容,财库手机贴,,,,0
手机号有0和5一定要注意了,财库手机贴,,,,0
一招教你解决存住钱的难题,财库手机贴,,,,0
手机号有0有5一定要用它,财库手机贴,,,,0
为什么2025年要贴财库贴,财库手机贴,,,,0
手机壳里一定要放这个东西！,财库手机贴,,,,0
"调整好你的手机,2025下半年满满",五路财神手机链,,,,0
"简单用一招,下半年财气满满!",五路财神手机链,,,,0
简单一招教你如何驾驭财富,五路财神手机链,,,,0
想发財的赶紧用起来这个东西！,五路财神手机链,,,,0
你将有横米你将暴富,五路财神手机链,,,,0
如何让自己有横财,五路财神手机链,,,,0
你将有横米你将暴富,五路财神手机链,,,,0
元宵节小妙招错过等一年,红包,,,,0
除夕这样做幸福幸运一整年,红包,,,,0
孩子学习不认真我们该怎么办,文昌贴,,,,0
手机号码0多5多该怎么办,文昌贴,,,,0
家里打扫卫生千万注意一个细节,香片,,,,0
富贵 人家都在用的一个小物件,香片,,,,0
你买的对联真的对吗？,2024年对联,,,,0
泰哥祝你2025巳巳如意,2024年对联,,,,0
2025还不知道贴什么对联的看过来！,2024年对联,,,,0
今年很特殊，三点要注意！,2024年对联,,,,0
2025新年贴泰哥这款对联！,2024年对联,,,,0
今年没有年三十对联应该怎么贴,2024年对联,,,,3543
你真的知道如何正确选对联吗,2024年对联,,,,0
春联没贴对，一年都白费,2024年对联,,,,0
富婆都爱的对联年底抓紧抢,2024年对联,,,,1731
2025年贴春联最佳时间点,2024年对联,,,,0
有智慧的父母四布布置孩子房间,印章,,,,0
女人买什么包包米米越来越多,朱雀流沙钥匙扣,,,,0
随身米库三步走让你米米天天有,朱雀流沙钥匙扣,,,,0
"包包不存财,记住这一招",朱雀流沙钥匙扣,,,,0
新的一年一定要知道旧包包如何处理！,朱雀流沙钥匙扣,,,,0
新年旧包包应该怎样处理,朱雀流沙钥匙扣,,,,0
过年前女人先做一件事,朱雀流沙钥匙扣,,,,0
女人的包包一定要重视起来,朱雀流沙钥匙扣,,,,0
朱雀流沙钥匙扣该挂在哪里？,朱雀流沙钥匙扣,,,,0
冬至小妙招,朱雀流沙钥匙扣,,,,0
"女神节调整好包包,2025一路暴富",朱雀流沙钥匙扣,,,,0
立秋一个动作2025好运连连,拉吉袋,,,,0
女人多穿什么鞋容易米米多,拉吉袋,,,,0
"为何要在三伏天,清理家中这三种玩偶",拉吉袋,,,,0
农历六月大扫除为什么这么重要！,拉吉袋,,,,0
闰六月断舍离，真的不能这么轻易忽视！,拉吉袋,,,,0
闲置的鞋子该如何处理,拉吉袋,,,,0
女人多穿什么鞋会容易发财？,拉吉袋,,,,0
为何农历六月断舍离这么重要！,拉吉袋,,,,0
为什么孩子的旧物不能乱扔,拉吉袋,,,,0
旧鞋处理掉，每天事事又顺心,拉吉袋,,,,0
定时清理家中旧物，扔错还不如不扔,拉吉袋,,,,0
为什么女人不能攒鞋,拉吉袋,,,,0
哪样东西女人不能多买,拉吉袋,,,,0
旧的不去新的不来，清理旧物方法要对,拉吉袋,,,,0
旧物断舍离，扔错还不如不扔。,拉吉袋,,,,0
女人多穿什么鞋容易发大财,拉吉袋,,,,0
哪样东西不能放在孩子的床上,拉吉袋,,,,0
为什么毒五月一定要清理旧物,拉吉袋,,,,0
旧东西清理掉你想要的自然来,拉吉袋,,,,0
旧的不去，新的如何来呢？!,拉吉袋,,,,0
你总是存不住钱，原因到底在哪,拉吉袋,,,,0
"坏掉的公仔玩具,端午前后要赶紧处理掉!",拉吉袋,,,,0
端午节为什么要清理掉旧玩偶？,拉吉袋,,,,0
趁着端午节扔掉家里的公仔,拉吉袋,,,,0
坑人的产品最后会坑了自己,拉吉袋,,,,0
扔垃圾的时候心里默念几句话,拉吉袋,,,,0
"端午前后简单动作,让你越扔越有",拉吉袋,,,,0
端午节为什么要清理家中小动物,拉吉袋,,,,0
旧的不去新的不来，清理好家中旧物。,拉吉袋,,,,0
老人和孩子的旧物千万要处理好,拉吉袋,,,,0
偷偷告诉你旧枕头怎么扔,拉吉袋,,,,0
泰哥怒斥仿版垃圾袋质量不行卖消费者,拉吉袋,,,,0
端午除晦气，扔旧物迎好运！,拉吉袋,,,,0
旧衣服别随便扔 扔的方法要对,拉吉袋,,,,0
比被别人借运更可怕的是什么,拉吉袋,,,,0
睡觉的枕头为什么不能乱扔,拉吉袋,,,,0
旧毛巾旧牙刷千万别乱扔,拉吉袋,,,,0
孩子的公仔一定要处理好！,拉吉袋,,,,0
不要的旧物如何处理才能越扔越有？,拉吉袋,,,,0
用了拉吉袋吉事天天在,拉吉袋,,,,0
"女人切记这个行为,避免被别人借耘",拉吉袋,,,,0
家里剩饭剩菜这样处理对自己更好。,拉吉袋,,,,0
"正确处理旧衣旧包包,让你越扔越有",拉吉袋,,,,0
"立夏做一个动作,2025好运连连",拉吉袋,,,,0
怎么让旺财去你家里,拉吉袋,,,,0
用好这一招，助力你快速转耘！,拉吉袋,,,,0
"家里有一样东西,对福气孩子影响特别大",拉吉袋,,,,0
"不要的旧枕头,应该如何处理?",拉吉袋,,,,0
旧衣服塞满柜子会压住财运吗？,拉吉袋,,,,0
五一之前用一招，一整年见才气爆棚。,拉吉袋,,,,0
"如何处理家中旧物,才能越仍越有?",拉吉袋,,,,0
小孩的旧衣物应该怎么处理,拉吉袋,,,,0
不穿的旧衣服千万别乱扔,拉吉袋,,,,0
你要转运啦,拉吉袋,,,,0
你家有堆积如山的旧衣服吗?,拉吉袋,,,,0
堆成山的旧衣服，真的会影响米米,拉吉袋,,,,0
不穿的旧衣旧鞋怎么处理,拉吉袋,,,,0
如何扔旧物才能越扔越有,拉吉袋,,,,0
大富豪如何处理不要的东西,拉吉袋,,,,0
"处理好旧物,是转运最好的方法",拉吉袋,,,,0
"正确处理家中旧物,让你越扔越有",拉吉袋,,,,0
不穿的旧衣服应该怎么处理,拉吉袋,,,,0
不穿的旧衣服怎么处理,拉吉袋,,,,0
一物除去家中污秽，迎来好耘与喜庆,拉吉袋,,,,0
旧碗旧照片应该怎么处理,拉吉袋,,,,0
不用的旧物应该如何处理,拉吉袋,,,,0
不穿的旧衣服应该怎么处理?,拉吉袋,,,,0
"不穿的旧衣服旧鞋,应该如何处理?",拉吉袋,,,,0
富豪家不用的物品是怎么处理的?,拉吉袋,,,,0
包里放一物米多多暴富,亮眼好运喷雾,,,,0
眼睛就是女人的转韵开关！,亮眼好运喷雾,,,,0
"你将越来越漂亮,米米越来越多!",艾灸贴,,,,0
"老人小孩男人女人,三伏天切记做这个动作!",艾灸贴,,,,0
元气满满,艾灸贴,,,,0
如何每天保持精神饱满,艾灸贴,,,,0
一个小动作女人越来越漂亮,艾灸贴,,,,0
如何让下半年越过越好？,艾灸贴,,,,0
一个小妙招愿你越来越漂亮,艾灸贴,,,,0
到底什么东西小姐姐直呼惊喜,艾灸贴,,,,0
家里氛围不好，试试这个东西！,八宝葫芦贴,,,,0
米米留不住泰哥教你一招,八宝葫芦贴,,,,0
家里脾气大的用一下这个方法,八宝葫芦贴,,,,0
"教你一招,帮你锁住好运",八宝葫芦贴,,,,0
总是攒不住钱厨房贴它试一试,八宝葫芦贴,,,,0
孩子叛逆顶嘴，泰哥教你一招！,八宝葫芦贴,,,,0
脾气大的人泰哥教你一个方法,八宝葫芦贴,,,,0
钱总是留不住试试这一招,八宝葫芦贴,,,,0
"家里总是争吵不休,试试这一招!",八宝葫芦贴,,,,0
"火气大的人,泰哥教你用一招!",八宝葫芦贴,,,,0
如何让衣服自带体香,紫气富贵香片,,,,0
车里家里挂一物一不小心暴富,紫气富贵香片,,,,0
想要提升韵势，试试这个东西,紫气富贵香片,,,,0
调整一个地方你也能拥有富贵,紫气富贵香片,,,,0
"梅雨季节要来了,如何去除霉味?",紫气富贵香片,,,,0
"家庭致富的十个秘诀,夫妻必看!",爆款口播（500以上点赞）,,,,0
"夫妻对,家富贵",爆款口播（500以上点赞）,,,,0
年前大扫除，这七样东西不要留,爆款口播（500以上点赞）,,,,0
"2026丙午年,多用什么颜色?",爆款口播（500以上点赞）,,,,0
出门前默念这三个字,爆款口播（500以上点赞）,,,,0
2026要格外注意这五件事！,爆款口播（500以上点赞）,,,,0
如何提升孩子的智慧？智慧父母都在悄悄做这件事！,爆款口播（500以上点赞）,,,,0
你家人的正缘将越来越好,爆款口播（500以上点赞）,,,,0
元旦起床第一件事,爆款口播（500以上点赞）,,,,0
年底穿衣有讲究，这五种衣服千万不要买！,爆款口播（500以上点赞）,,,,0
2026 年这五种头像，切记不要用！,爆款口播（500以上点赞）,,,,0
2026 不管男人女人，少喝一样东西！,爆款口播（500以上点赞）,,,,0
2026 到底要用什么样的头像？,爆款口播（500以上点赞）,,,,0
言语温暖，内心明亮。,爆款口播（500以上点赞）,,,,0
为何元旦当天不能同房?,爆款口播（500以上点赞）,,,,0
你不知道的这几件事,爆款口播（500以上点赞）,,,,0
冬天不要喝太多水,爆款口播（500以上点赞）,,,,0
男人最大的财富为什么是妻子,爆款口播（500以上点赞）,,,,0
想一直顺下去，记住这句话,爆款口播（500以上点赞）,,,,0
钱主动上门的五个方法,爆款口播（500以上点赞）,,,,0
十月八号开启凤凰腾飞,爆款口播（500以上点赞）,,,,0
相信语言给予自己的力量,爆款口播（500以上点赞）,,,,0
中秋十不做，麻烦不缠身。,爆款口播（500以上点赞）,,,,0
每天念一遍，下半年越来越好。,爆款口播（500以上点赞）,,,,0
学会这三个动作，身体悄悄变好！,爆款口播（500以上点赞）,,,,0
让钱主动上门的八个小妙招。,爆款口播（500以上点赞）,,,,0
女性强大可怕的五个表现。,爆款口播（500以上点赞）,,,,0
当下男女发型该如何选择？,爆款口播（500以上点赞）,,,,0
今年秋天没事多念一串数字。,爆款口播（500以上点赞）,,,,0
孩子书房怎么摆，学习有利前程似锦。,爆款口播（500以上点赞）,,,,0
中秋国庆当天记得做这个动作。,爆款口播（500以上点赞）,,,,0
多念一组数字，你将否极泰来。,爆款口播（500以上点赞）,,,,0
十月凤凰归位，你将迎来腾飞,爆款口播（500以上点赞）,,,,0
女人千万不要找业力重的人做男朋友。,爆款口播（500以上点赞）,,,,0
你越是放松，结果往往越好。,爆款口播（500以上点赞）,,,,0
四种人千万不要进你家门。,爆款口播（500以上点赞）,,,,0
10 月 8 日凤凰归位，你将大腾飞！,爆款口播（500以上点赞）,,,,0
财富的漩涡将你的人生推向高潮。,爆款口播（500以上点赞）,,,,0
为何家里会有很多蚂蚁,爆款口播（500以上点赞）,,,,0
开车千万不要停在这五个地方。,爆款口播（500以上点赞）,,,,0
这几个地方不要去,爆款口播（500以上点赞）,,,,0
你想要的一切其实都在身边。,爆款口播（500以上点赞）,,,,0
如何让孩子贵气一生,爆款口播（500以上点赞）,,,,0
让钱主动上门的五个方法,爆款口播（500以上点赞）,,,,0
中秋节晚上跟泰哥做这个动作,爆款口播（500以上点赞）,,,,0
怎么让家运转起来,爆款口播（500以上点赞）,,,,0
做好两个字你也能腾飞,爆款口播（500以上点赞）,,,,0
今年秋天多念一个数,爆款口播（500以上点赞）,,,,0
跟着泰哥一起念这段话,爆款口播（500以上点赞）,,,,0
牢记这五点养出好儿子,爆款口播（500以上点赞）,,,,0
选对三种头像日子蒸蒸日上,爆款口播（500以上点赞）,,,,0
农历八月八一路发发发,爆款口播（500以上点赞）,,,,0
这四个地方国庆千万不要去,爆款口播（500以上点赞）,,,,0
如何让不如意全部滚蛋,爆款口播（500以上点赞）,,,,0
家中放五样不贵也会富,爆款口播（500以上点赞）,,,,0
最近多念着一串数字,爆款口播（500以上点赞）,,,,0
为什么要善待小猫小狗,爆款口播（500以上点赞）,,,,0
泰哥是如何钱越花越多的,爆款口播（500以上点赞）,,,,0
简单的一招福气享不完,爆款口播（500以上点赞）,,,,0
什么是阴阳水,爆款口播（500以上点赞）,,,,0
哪一种衣服女人不要穿,爆款口播（500以上点赞）,,,,0
旺自己的两个妙招,爆款口播（500以上点赞）,,,,0
哪五样东西不能放孩子房间,爆款口播（500以上点赞）,,,,0
猫狗进你家有什么寓意,爆款口播（500以上点赞）,,,,0
用好四个字你也能轻松赚钱,爆款口播（500以上点赞）,,,,0
8个漏米小习惯,爆款口播（500以上点赞）,,,,0
血月过后多发三个音,爆款口播（500以上点赞）,,,,0
哪五个项目下半年不能碰,爆款口播（500以上点赞）,,,,0
如何把自己养成富婆,爆款口播（500以上点赞）,,,,0
孩子做什么工作未来有前途,爆款口播（500以上点赞）,,,,0
大福气的女人有哪些特征,爆款口播（500以上点赞）,,,,0
女人越没钱越要做好三点,爆款口播（500以上点赞）,,,,0
发大财的秘密,爆款口播（500以上点赞）,,,,0
学会一个心法不缺钱不缺爱,爆款口播（500以上点赞）,,,,0
欺负你的人,爆款口播（500以上点赞）,,,,0
晚上家里千万别做五件事,爆款口播（500以上点赞）,,,,0
女人做到一个字福气多财气多,爆款口播（500以上点赞）,,,,0
手头紧的时候默念几句话,爆款口播（500以上点赞）,,,,0
家里有儿子练好这五点,爆款口播（500以上点赞）,,,,0
多去三个地方人生越走越高,爆款口播（500以上点赞）,,,,0
如何才能链接上大财富,爆款口播（500以上点赞）,,,,0
家里千万不能碰的四个禁忌,爆款口播（500以上点赞）,,,,0
如何斩断身上的穷根,爆款口播（500以上点赞）,,,,0
改运最快的方式其实就一个字,爆款口播（500以上点赞）,,,,0
有些事顺其自然等待结果就行,爆款口播（500以上点赞）,,,,0
下半年的机遇可别错过了,爆款口播（500以上点赞）,,,,0
想要米米多多该如何穿衣,爆款口播（500以上点赞）,,,,0
私密物品借给别人怎么办,爆款口播（500以上点赞）,,,,0
2025下半年做好这两点,爆款口播（500以上点赞）,,,,0
千万不能穿的六种衣服,爆款口播（500以上点赞）,,,,0
2025下半年留心这俩件事!,爆款口播（500以上点赞）,,,,0
五个招米的生活小习惯,爆款口播（500以上点赞）,,,,0
简单的一招每天都能沾财气,爆款口播（500以上点赞）,,,,0
六个小习惯让你越来越旺,爆款口播（500以上点赞）,,,,0
"学会这三个动作,身体悄悄变好",爆款口播（500以上点赞）,,,,0
出门之前默念这三个字,爆款口播（500以上点赞）,,,,0
晚上睡不着试试这一招,爆款口播（500以上点赞）,,,,0
店里生意不好试试这一招,爆款口播（500以上点赞）,,,,0
做好这四点守住你的家运,爆款口播（500以上点赞）,,,,0
一个玄学真相钱越花越多,爆款口播（500以上点赞）,,,,0
闰六月想要诸事顺利，泰哥教你简单一招。,爆款口播（500以上点赞）,,,,0
"大运来临之前,会有什么征兆",爆款口播（500以上点赞）,,,,0
"左眼跳财右眼跳灾,泰哥教你一招",爆款口播（500以上点赞）,,,,0
明白这一点赚钱才会变简单,爆款口播（500以上点赞）,,,,0
哪五样东西千万不能借,爆款口播（500以上点赞）,,,,0
2025如何让自己旺上加旺,爆款口播（500以上点赞）,,,,0
你要翻身了,爆款口播（500以上点赞）,,,,0
两个坏习惯偷走女人的好运,爆款口播（500以上点赞）,,,,0
农历闰六月米米小妙招,爆款口播（500以上点赞）,,,,0
如何走路能走出好运气,爆款口播（500以上点赞）,,,,0
睡前一个动作孩子智慧提升,爆款口播（500以上点赞）,,,,0
不要让别人借走你的私人物品！,爆款口播（500以上点赞）,,,,0
一句能量咒语成为塔尖人物,爆款口播（500以上点赞）,,,,0
三个地方省钱越容易长寿,爆款口播（500以上点赞）,,,,0
家里越干净孩子越富有,爆款口播（500以上点赞）,,,,0
做好一个字拥有大财富,爆款口播（500以上点赞）,,,,0
吃饭的小细节看出别人的福气,爆款口播（500以上点赞）,,,,0
为什么没事要多出去玩,爆款口播（500以上点赞）,,,,0
怎么让孩子越来越有出息,爆款口播（500以上点赞）,,,,0
懂得惜福的人才会有后福,爆款口播（500以上点赞）,,,,0
三个小妙招帮你存住钱,爆款口播（500以上点赞）,,,,0
女人特别掉价的四个行为,爆款口播（500以上点赞）,,,,0
女人如何才能越活越年轻,爆款口播（500以上点赞）,,,,0
孩子别瞎管管好这十条,爆款口播（500以上点赞）,,,,0
学会这一招灾难远离你,爆款口播（500以上点赞）,,,,0
暴富之后千万不能换的东西,爆款口播（500以上点赞）,,,,0
学会这三步你也能有一千万,爆款口播（500以上点赞）,,,,0
听懂财富密码钱越花越多,爆款口播（500以上点赞）,,,,0
想要人生过好的记住这句话。,爆款口播（500以上点赞）,,,,0
泰哥教你一招，愿你轻松来财。,爆款口播（500以上点赞）,,,,0
闰六月做一个动作，2025 才气满满。,爆款口播（500以上点赞）,,,,0
"坚持这八件事,身体越来越好",爆款口播（500以上点赞）,,,,0
简单的两招孩子越飞越高,爆款口播（500以上点赞）,,,,0
今年闰六月发财小妙招,爆款口播（500以上点赞）,,,,0
走大运之前有哪些征兆,爆款口播（500以上点赞）,,,,0
暴富以后哪三件事不能做,爆款口播（500以上点赞）,,,,0
简单的三步让你人生大逆转,爆款口播（500以上点赞）,,,,0
身体越养越年轻的八个真相,爆款口播（500以上点赞）,,,,0
"孩子的书桌怎么摆,对他更有利?",爆款口播（500以上点赞）,,,,0
为何会花钱才能守住财富?,爆款口播（500以上点赞）,,,,0
女人自带财运的六大特征,爆款口播（500以上点赞）,,,,0
"想要人生过得好,记住这句话",爆款口播（500以上点赞）,,,,0
一个小动作事业越干越大,爆款口播（500以上点赞）,,,,0
好运的女人有哪五个特征,爆款口播（500以上点赞）,,,,0
用好这三招孩子越飞越高,爆款口播（500以上点赞）,,,,0
为什么留不住财注意这个行为,爆款口播（500以上点赞）,,,,0
女人如何让自己自带财气,爆款口播（500以上点赞）,,,,0
兜里比脸还干净，试试这个方法！,爆款口播（500以上点赞）,,,,0
兜里比脸还干净，试试这个方法！,爆款口播（500以上点赞）,,,,0
用这个心法睡觉提升你的气质,爆款口播（500以上点赞）,,,,0
女人如何让自己越来越有福气?,爆款口播（500以上点赞）,,,,0
去哪里旅游对孩子更好,爆款口播（500以上点赞）,,,,0
做好这五点好运追你跑,爆款口播（500以上点赞）,,,,0
书桌如何摆放有利于孩子学习,爆款口播（500以上点赞）,,,,0
女人和孩子有类东西要少碰,爆款口播（500以上点赞）,,,,0
如何用辣椒给自己带来好运,爆款口播（500以上点赞）,,,,0
一个简单方法让财富增多,爆款口播（500以上点赞）,,,,0
"你越是放松,结果往往就会越好!",爆款口播（500以上点赞）,,,,0
玄学小妙招让你财富变多,爆款口播（500以上点赞）,,,,0
守好这两点好运追你跑,爆款口播（500以上点赞）,,,,0
"为何有的夫妻越过越好,有的越过越累?",爆款口播（500以上点赞）,,,,0
"想要家运好,四点诀窍要记牢",爆款口播（500以上点赞）,,,,0
"当下女生切记,这种衣服不要穿!",爆款口播（500以上点赞）,,,,0
看看自己适合什么运动,爆款口播（500以上点赞）,,,,0
搞懂两个字生活越来越好,爆款口播（500以上点赞）,,,,0
简单的两步享受财富人生,爆款口播（500以上点赞）,,,,0
"存钱最快的方法,是多做善事?",爆款口播（500以上点赞）,,,,0
"穿衣穿的对,完事皆顺遂!",爆款口播（500以上点赞）,,,,0
按这两步花钱钱会越花越多,爆款口播（500以上点赞）,,,,0
准备七颗荔枝全家夏至福至,爆款口播（500以上点赞）,,,,0
"戒掉穷根,才能积累财富",爆款口播（500以上点赞）,,,,0
"无论男人女人,切记不要乱睡!",爆款口播（500以上点赞）,,,,0
做人必须知道的四个小心机,爆款口播（500以上点赞）,,,,0
"心念的力量,会让你越来越好!",爆款口播（500以上点赞）,,,,0
女人做好这点你也能暴富,爆款口播（500以上点赞）,,,,0
暑假带孩子去这三个地方玩,爆款口播（500以上点赞）,,,,0
为什么老板要经常出去玩,爆款口播（500以上点赞）,,,,0
夏天必吃的五种养生蔬菜,爆款口播（500以上点赞）,,,,0
出去玩这样做你将越来越富有,爆款口播（500以上点赞）,,,,0
普通人破局第一步是什么,爆款口播（500以上点赞）,,,,0
进入这个频率你也能有如神助,爆款口播（500以上点赞）,,,,0
一个简单办法贵人来相助,爆款口播（500以上点赞）,,,,0
听懂两句话你将幸福觉醒,爆款口播（500以上点赞）,,,,0
泰哥教你吸引力法则,爆款口播（500以上点赞）,,,,0
一个小妙招财富越来越多,爆款口播（500以上点赞）,,,,0
"谁对老人好,谁最后就过得好",爆款口播（500以上点赞）,,,,0
100 集财富小妙招 (十一)泰哥教你聚财锁財,爆款口播（500以上点赞）,,,,0
"房子越干净,子女就越富有!",爆款口播（500以上点赞）,,,,0
发横财之前有哪些征兆,爆款口播（500以上点赞）,,,,0
简单的三步你也能有钱有闲,爆款口播（500以上点赞）,,,,0
简单的一招让你不再漏财,爆款口播（500以上点赞）,,,,0
学会这个心法你也能干成大事,爆款口播（500以上点赞）,,,,0
下半年切记千万不要晒这些事,爆款口播（500以上点赞）,,,,0
一个小动作人生大逆转,爆款口播（500以上点赞）,,,,0
过得清闲是有福气的表现,爆款口播（500以上点赞）,,,,0
夫妻越过越好的相处之道是什么?,爆款口播（500以上点赞）,,,,0
孩子出门在外切记要多祝福,爆款口播（500以上点赞）,,,,0
"这两个时间点,切记不要洗澡",爆款口播（500以上点赞）,,,,0
你将越来越漂亮,爆款口播（500以上点赞）,,,,0
"家里有这四样,赶紧丢掉!",爆款口播（500以上点赞）,,,,0
"心眼好有德行的人,才能一路顺遂!",爆款口播（500以上点赞）,,,,0
"大师说你破财,漏财应该如何处理?",爆款口播（500以上点赞）,,,,0
女人一定要舍掉的三个点,爆款口播（500以上点赞）,,,,0
装作很顺利你就能很顺利,爆款口播（500以上点赞）,,,,0
越来越有钱的四个秘密!,爆款口播（500以上点赞）,,,,0
"用好这六个心法,你会越来越旺!",爆款口播（500以上点赞）,,,,0
"负债压身易焦虑,教你简单一招!",爆款口播（500以上点赞）,,,,0
"床底放四样,招财旺运!",爆款口播（500以上点赞）,,,,0
翻身前的预兆你占了几条,爆款口播（500以上点赞）,,,,0
如何过上你想要的美好生活,爆款口播（500以上点赞）,,,,0
家里为什么不要有空瓶子空箱子,爆款口播（500以上点赞）,,,,0
今日芒种一起种下种子,爆款口播（500以上点赞）,,,,0
如何用两个心让自己贵人连连,爆款口播（500以上点赞）,,,,0
"公司店铺生意不好,试试这一招!",爆款口播（500以上点赞）,,,,0
两样东西不往外借，三样东西不往回接,爆款口播（500以上点赞）,,,,0
简单一招教你如何驾驭财富,爆款口播（500以上点赞）,,,,0
真正的亿万富豪有什么特征,爆款口播（500以上点赞）,,,,0
100 集财富小妙招 (十).冬天出生的人画什么样的妆?,爆款口播（500以上点赞）,,,,0
为什么说不要经常洗澡?,爆款口播（500以上点赞）,,,,0
担心是诅咒祝福是护佑,爆款口播（500以上点赞）,,,,0
"端午节艾草怎么挂,才是正确的?",爆款口播（500以上点赞）,,,,0
女人如何选择旺自己的衣服,爆款口播（500以上点赞）,,,,0
"注意四个问题,守护美好家庭",爆款口播（500以上点赞）,,,,0
冬天出生的美女如何穿衣化妆,爆款口播（500以上点赞）,,,,0
哪三种衣服女人夏天不要穿,爆款口播（500以上点赞）,,,,0
三种衣服女人切记不要乱穿！,爆款口播（500以上点赞）,,,,0
"女人切记要少干活,不要过度劳累",爆款口播（500以上点赞）,,,,0
100 集财富小妙招 (六).偷偷告诉你暴富秘籍,爆款口播（500以上点赞）,,,,0
牢记三句话日子越过越好,爆款口播（500以上点赞）,,,,0
泰哥教大家一个提升財富的妙招！,爆款口播（500以上点赞）,,,,0
为什么有小满没有大满节气,爆款口播（500以上点赞）,,,,0
翻身致富的秘籍，揭秘如何清理业力！,爆款口播（500以上点赞）,,,,0
"一个人在走运之前,气是先到的",爆款口播（500以上点赞）,,,,0
"戴首饰的四个讲究,你戴对了吗?",爆款口播（500以上点赞）,,,,0
如何在2025年赚大钱,爆款口播（500以上点赞）,,,,0
如何让自己的钱越存越多,爆款口播（500以上点赞）,,,,0
学会这三步你也是大富翁,爆款口播（500以上点赞）,,,,0
"小满节气三不做,健康过夏要牢记",爆款口播（500以上点赞）,,,,0
坚定自己是什么样的人，就会成为什么样的人,爆款口播（500以上点赞）,,,,0
100 集财富小妙招 (三)：钱如何越存越多？,爆款口播（500以上点赞）,,,,0
100 集财富小妙招 (五)：520 做两件事。,爆款口播（500以上点赞）,,,,0
孩子的能量场如何守护,爆款口播（500以上点赞）,,,,0
端午马上到了如何制作午阳水,爆款口播（500以上点赞）,,,,0
"想要米米多多,家里多种花草",爆款口播（500以上点赞）,,,,0
"出门办事之前,心里默念一句话",爆款口播（500以上点赞）,,,,0
"坚定自己是什么样的人,你就会成为什么样的人",爆款口播（500以上点赞）,,,,0
好运真的能被念出来吗,爆款口播（500以上点赞）,,,,0
女人好好穿化人生就能开挂,爆款口播（500以上点赞）,,,,0
用好四个字你将幸福一生,爆款口播（500以上点赞）,,,,0
"最近状态不好的伙伴,教你一个小妙招",爆款口播（500以上点赞）,,,,0
想要人生越过越旺记住这五点。,爆款口播（500以上点赞）,,,,0
怎么让钱包越来越鼓,爆款口播（500以上点赞）,,,,0
立夏以后要多吃哪样食物,爆款口播（500以上点赞）,,,,0
衣服穿的对，米米少不了！,爆款口播（500以上点赞）,,,,0
"女性戴饰品,应该如何选择",爆款口播（500以上点赞）,,,,0
怎么穿衣服容易暴富,爆款口播（500以上点赞）,,,,0
家有三不动日子一定红,爆款口播（500以上点赞）,,,,0
"这四种衣服切记,不要随便穿",爆款口播（500以上点赞）,,,,0
立夏过后吃一物，2025 财富翻翻。,爆款口播（500以上点赞）,,,,0
立夏有五忌一定要牢记,爆款口播（500以上点赞）,,,,0
立夏节气,爆款口播（500以上点赞）,,,,0
假若你的运气不好，切记不去四个地方。,爆款口播（500以上点赞）,,,,0
戴手链的三条禁忌,爆款口播（500以上点赞）,,,,0
用三种方式花钱让钱越花越多,爆款口播（500以上点赞）,,,,0
用好这两招不缺钱不缺爱,爆款口播（500以上点赞）,,,,0
做好这五点钱会主动找你,爆款口播（500以上点赞）,,,,0
换大运之前有哪些信号,爆款口播（500以上点赞）,,,,0
如何让孩子出人头地,爆款口播（500以上点赞）,,,,0
"五一立夏家里有鸡蛋,赶紧试试这一招!",爆款口播（500以上点赞）,,,,0
如何让老公的事业水涨船高,爆款口播（500以上点赞）,,,,0
坚持一个动作保持好运连连,爆款口播（500以上点赞）,,,,0
做好三个字灾难磨难全远离,爆款口播（500以上点赞）,,,,0
生意越做越大的五个秘密!# 传统文化 # 生意兴隆财源滚滚 # 职场,爆款口播（500以上点赞）,,,,0
如何让横财主动找上门,爆款口播（500以上点赞）,,,,0
五一旅游用这招调成吸金体质,爆款口播（500以上点赞）,,,,0
坚持一个动作增加你的福气,爆款口播（500以上点赞）,,,,0
大耘来之前，会有什么征兆？,爆款口播（500以上点赞）,,,,0
人生想要变好，做到一件事,爆款口播（500以上点赞）,,,,0
你家孩子以后肯定有大出息,爆款口播（500以上点赞）,,,,0
暴富以后哪四件事不能做,爆款口播（500以上点赞）,,,,0
穿衣颜色有讲究!这样穿旺自己!,爆款口播（500以上点赞）,,,,0
"做到这五点,2025越来越旺!",爆款口播（500以上点赞）,,,,0
"真正的好命,都是先苦后甜",爆款口播（500以上点赞）,,,,0
换大耘之前会有什么征兆?,爆款口播（500以上点赞）,,,,0
旺自己的八个小技巧,爆款口播（500以上点赞）,,,,0
人转运最快的方式，你就记住三点叫天补地补人补,爆款口播（500以上点赞）,,,,0
谷雨节气习俗一不吃二要做,爆款口播（500以上点赞）,,,,0
牢记四条忠告，人生越过越好,爆款口播（500以上点赞）,,,,0
敢于打破舒适圈提升自己,爆款口播（500以上点赞）,,,,0
每天起床要做的八件事！,爆款口播（500以上点赞）,,,,0
如何让老公财运越来越好,爆款口播（500以上点赞）,,,,0
每天早上起床记得做这件事,爆款口播（500以上点赞）,,,,0
"相信低谷期的自己,一定会逆转,",爆款口播（500以上点赞）,,,,0
"人生想要福报满满,记住这五不说",爆款口播（500以上点赞）,,,,0
用好一个字让你越来越富贵,爆款口播（500以上点赞）,,,,0
让钱主动找上门的五个小妙招！,爆款口播（500以上点赞）,,,,0
如何通过穿衣给自己带来富贵,爆款口播（500以上点赞）,,,,0
为什么说听老婆话的男人福气最好？,爆款口播（500以上点赞）,,,,0
女人富养自己最好的方式是什么？,爆款口播（500以上点赞）,,,,0
夫妻之间应该谁管钱,爆款口播（500以上点赞）,,,,0
学会这一招你也能大富大贵,爆款口播（500以上点赞）,,,,0
扔掉三样东西生活越来越好,爆款口播（500以上点赞）,,,,0
如何让钱主动来找你,爆款口播（500以上点赞）,,,,0
"女性饰品应该怎么选,对自己更好?",爆款口播（500以上点赞）,,,,0
"每天出门默念一句话,让钱主动找上门!",爆款口播（500以上点赞）,,,,0
有慧根的女人是什么样的?,爆款口播（500以上点赞）,,,,0
每天起床一定要做这件事,爆款口播（500以上点赞）,,,,0
"2025年想要耘气好,记住这四个字!",爆款口播（500以上点赞）,,,,0
房子真的越大越好吗,爆款口播（500以上点赞）,,,,0
简单的一招轻松远离霉运,爆款口播（500以上点赞）,,,,0
不顺心的时候记住八句话,爆款口播（500以上点赞）,,,,0
学会一句妙语让你人生开挂,爆款口播（500以上点赞）,,,,0
女人到了中年，只能靠这三样！,爆款口播（500以上点赞）,,,,0
"学会演戏,你就成功了98%",爆款口播（500以上点赞）,,,,0
车里有三样东西千万不要放。,爆款口播（500以上点赞）,,,,0
如何快速清除身上的霉运,爆款口播（500以上点赞）,,,,0
"简单一招,2025福气满满",爆款口播（500以上点赞）,,,,0
女人如何保护好自己的能量场,爆款口播（500以上点赞）,,,,0
"想改变命运,从改变说话开始",爆款口播（500以上点赞）,,,,0
吃饭的碗有哪些讲究,爆款口播（500以上点赞）,,,,0
如何在睡觉时都能收获满满,爆款口播（500以上点赞）,,,,0
感觉能量不足就多吃它,爆款口播（500以上点赞）,,,,0
"刷到泰哥的人,都是有福报的人",爆款口播（500以上点赞）,,,,0
"穿衣禁忌,这种衣服千万不要穿",爆款口播（500以上点赞）,,,,0
春天一个动作让你好运,爆款口播（500以上点赞）,,,,0
不做三件事好运自然来,爆款口播（500以上点赞）,,,,0
怎么走路才能越走越有运,爆款口播（500以上点赞）,,,,0
什么样的房子越住越旺,爆款口播（500以上点赞）,,,,0
一个家要走上坡路离不开这样的女人。,爆款口播（500以上点赞）,,,,0
"过好三月三,今后日子不一般",爆款口播（500以上点赞）,,,,0
多吃一种食物补充你的能量,爆款口播（500以上点赞）,,,,0
"发大财的人,都懂得挑选发财屋",爆款口播（500以上点赞）,,,,0
"泰哥教你简单一招,破译大财富咒语,",爆款口播（500以上点赞）,,,,0
暴富后千万不能干的四件事,爆款口播（500以上点赞）,,,,0
"想要人生直线上升,这两个字很重要",爆款口播（500以上点赞）,,,,0
"坚持一个动作,2025福气满满",爆款口播（500以上点赞）,,,,0
"夫妻怎么做,家宅兴旺子孙兴旺",爆款口播（500以上点赞）,,,,0
女人一定要远离这种男人,爆款口播（500以上点赞）,,,,0
"有这四种特征的对象,千万不要找!",爆款口播（500以上点赞）,,,,0
"多吃一种食物,补充你的能量",爆款口播（500以上点赞）,,,,0
女人想赚钱先丢掉这五样,爆款口播（500以上点赞）,,,,0
怎么判断房子里面有没有财气,爆款口播（500以上点赞）,,,,0
坚持一件事喜事好事都追你,爆款口播（500以上点赞）,,,,0
什么样的房子要赶紧搬家,爆款口播（500以上点赞）,,,,0
"耘势不好状态不好,多用这个植物",爆款口播（500以上点赞）,,,,0
一个玄学妙招.用好文字改变人生,爆款口播（500以上点赞）,,,,0
哪四种头像千万不能用,爆款口播（500以上点赞）,,,,0
清明节祭祖不能干的八件事,爆款口播（500以上点赞）,,,,0
"春天走对这三个地方,财运会悄悄找上门",爆款口播（500以上点赞）,,,,0
清明节上坟，别被谣言骗了！,爆款口播（500以上点赞）,,,,0
三个字改变人生？亲测有效的语言开运术！,爆款口播（500以上点赞）,,,,0
什么睡衣和床单千万不能用,爆款口播（500以上点赞）,,,,0
装聋作哑装瞎就会越来越好,爆款口播（500以上点赞）,,,,0
心想事成的小妙招,爆款口播（500以上点赞）,,,,0
一个小妙招让男人财源滚滚,爆款口播（500以上点赞）,,,,0
搬到新房子千万不能干的事,爆款口播（500以上点赞）,,,,0
清明节祭祖有四个禁忌,爆款口播（500以上点赞）,,,,0
"晨起三句话,时来运转好运连连",爆款口播（500以上点赞）,,,,0
人生逆转的核心只有两个字,爆款口播（500以上点赞）,,,,0
夫妻之间千万不要分床睡,爆款口播（500以上点赞）,,,,0
哪三种人适合养狗,爆款口播（500以上点赞）,,,,0
想要好运连连秘诀是什么,爆款口播（500以上点赞）,,,,0
春天要多吃什么东西,爆款口播（500以上点赞）,,,,0
拍照有哪些禁忌,爆款口播（500以上点赞）,,,,0
你找大师给你算过命吗,爆款口播（500以上点赞）,,,,0
办公室放什么植物对财富有利,爆款口播（500以上点赞）,,,,0
"出人头地不是偶然,你的孩子注定不一般!",爆款口播（500以上点赞）,,,,0
"旺自己的八大心法,幸福耘气都在这!",爆款口播（500以上点赞）,,,,0
惊蛰吃三样健康福绵长,爆款口播（500以上点赞）,,,,0
二月二龙抬头,爆款口播（500以上点赞）,,,,0
搬家结婚签合同应该挑什么日子,爆款口播（500以上点赞）,,,,0
千万不能犯的三个禁忌,爆款口播（500以上点赞）,,,,0
"长期独处的女性,都是特别聪明的人",爆款口播（500以上点赞）,,,,0
"女人想要幸福好运,一定要戒掉一个动作",爆款口播（500以上点赞）,,,,0
老天会赐好运给什么样的女人,爆款口播（500以上点赞）,,,,0
"这四种头像,千万不要乱用",爆款口播（500以上点赞）,,,,0
"家里再有钱,也要记住这几句话",爆款口播（500以上点赞）,,,,0
"除夕六不做,做了穷一年",爆款口播（500以上点赞）,,,,0
亲人走了以后哪件事不能干,爆款口播（500以上点赞）,,,,0
为什么女孩子今年要穿紫色？,爆款口播（500以上点赞）,,,,0
文曲星降临，你家孩子将有大福！,爆款口播（500以上点赞）,,,,0
二月二龙抬头这几件事记得做,爆款口播（500以上点赞）,,,,0
怎么看一个人招不招财,爆款口播（500以上点赞）,,,,0
早上一个动作孩子会越来越好,爆款口播（500以上点赞）,,,,0
睡觉的床应该如何摆放,爆款口播（500以上点赞）,,,,0
家中有三样不败也要亡,爆款口播（500以上点赞）,,,,0
出门谈生意默念三句话,爆款口播（500以上点赞）,,,,0
夫妻感情不好应该如何处理,爆款口播（500以上点赞）,,,,0
腊月洗澡有讲究顺应节气保健康,爆款口播（500以上点赞）,,,,0
哪四件事千万不能分享,爆款口播（500以上点赞）,,,,0
哪三件事腊月必须要做,爆款口播（500以上点赞）,,,,0
一个小妙招更有气质和福气,爆款口播（500以上点赞）,,,,0
今年扫尘日要念这几句话,爆款口播（500以上点赞）,,,,0
哪一种人千万不能招惹,爆款口播（500以上点赞）,,,,0
这五个点夫妻不要对外说,爆款口播（500以上点赞）,,,,0
枕边放三物健康又致富,爆款口播（500以上点赞）,,,,0
春节鞭炮怎么放记住这几个点,爆款口播（500以上点赞）,,,,0
家里的植物应该怎么摆放,爆款口播（500以上点赞）,,,,0
在家里不能犯的四个禁忌,爆款口播（500以上点赞）,,,,0
女人自带财气的三个表现,爆款口播（500以上点赞）,,,,0
你将越来越好你将否极泰来,爆款口播（500以上点赞）,,,,0
做好两个字人生处处是贵人,爆款口播（500以上点赞）,,,,0
钱财被骗竟然是好事,爆款口播（500以上点赞）,,,,0
你的好运气是怎么被偷走的,爆款口播（500以上点赞）,,,,0
年初一做个动作顺风顺水一整年,爆款口播（500以上点赞）,,,,0
如何才能拥有富足的人生,爆款口播（500以上点赞）,,,,0
暴富以后千万不能干的几件事,爆款口播（500以上点赞）,,,,0
你不发财天理不容,爆款口播（500以上点赞）,,,,0
如何打造属于自己的财富磁场,爆款口播（500以上点赞）,,,,0
人生四不说福报自然来,爆款口播（500以上点赞）,,,,0
想要家庭幸福避免这三种情况,爆款口播（500以上点赞）,,,,0
如何让我们的福报源源不断,爆款口播（500以上点赞）,,,,0
多给自己洗心你就能富贵一生,爆款口播（500以上点赞）,,,,0
你的大财要到了,爆款口播（500以上点赞）,,,,0
用好三个点2025你将起飞,爆款口播（500以上点赞）,,,,0
如何让好运始终伴着你,爆款口播（500以上点赞）,,,,0
如何让家庭和谐兴旺,爆款口播（500以上点赞）,,,,0
成为人生赢家的二字秘诀,爆款口播（500以上点赞）,,,,0
好命的女人有哪三个特质,爆款口播（500以上点赞）,,,,0
做到两个字你将拥有大成就,爆款口播（500以上点赞）,,,,0
远离五种人立马变好运,爆款口播（500以上点赞）,,,,0
戒掉一个动作远离麻烦与灾难,爆款口播（500以上点赞）,,,,0
为何靠近泰哥人生就会变好,爆款口播（500以上点赞）,,,,0
女人做好三个点就能富贵一生,爆款口播（500以上点赞）,,,,0
除夕做哪件事对明年最有利,爆款口播（500以上点赞）,,,,0
大年初一这样做好运一整年,爆款口播（500以上点赞）,,,,0
蛇年行大运,爆款口播（500以上点赞）,,,,0
家中四满富贵吉祥,爆款口播（500以上点赞）,,,,0
枕头底下放什么东西,爆款口播（500以上点赞）,,,,0
初四晚上这样做财神自然到你家,爆款口播（500以上点赞）,,,,0
改掉三个习惯你将贵人不断,爆款口播（500以上点赞）,,,,0
睡觉的枕头有哪些讲究,爆款口播（500以上点赞）,,,,0
男人一生中最大的贵人是谁,爆款口播（500以上点赞）,,,,0
怎么样花钱能让钱越来越多,爆款口播（500以上点赞）,,,,0
女人财运不顺床底放4样,爆款口播（500以上点赞）,,,,0
女人吃什么人生往上走,爆款口播（500以上点赞）,,,,0
福气过日子的最高境界,爆款口播（500以上点赞）,,,,0
正月十四做好一守一试,爆款口播（500以上点赞）,,,,0
元宵节小口诀有空就默念,爆款口播（500以上点赞）,,,,0
有福气灵气的人有什么特征,爆款口播（500以上点赞）,,,,0
如何通过手看人有没有钱,爆款口播（500以上点赞）,,,,0
老天会赐好运给哪种女人,爆款口播（500以上点赞）,,,,0
如何让自己变成招财体质的人,爆款口播（500以上点赞）,,,,0
想要家庭兴旺先做好这两点,爆款口播（500以上点赞）,,,,0
怎样才能让钱主动追着你跑,爆款口播（500以上点赞）,,,,0
"孩子的转运点到了,天赐良机",爆款口播（500以上点赞）,,,,0
"每天一句温暖话,孩子未来更精彩",爆款口播（500以上点赞）,,,,0
"关于碗的习俗,你了解多少?",爆款口播（500以上点赞）,,,,0
"除夕三不穿,蛇年财富顺",爆款口播（500以上点赞）,,,,0
"年底了,我们之前不穿的旧衣服该怎么办?",爆款口播（500以上点赞）,,,,0
"简单小妙招,让你2025财富满满",爆款口播（500以上点赞）,,,,0
"陷入痛苦负能量满满时,念念这个快乐咒语",爆款口播（500以上点赞）,,,,0
"避开八个小行为,不再漏财",爆款口播（500以上点赞）,,,,0
"旧衣服怎么处理,对我们自己更好",爆款口播（500以上点赞）,,,,0
"两个简单小动作,增加你的财气福气",爆款口播（500以上点赞）,,,,0
翻身走运前的六大征兆,爆款口播（500以上点赞）,,,,0
2025提升运势的九条玄学真相,爆款口播（500以上点赞）,,,,0
千万不要在床头放着四样物品!,爆款口播（500以上点赞）,,,,0
正月十五元宵节快乐,爆款口播（500以上点赞）,,,,0
"女人想要福气满满,记住这四不说",爆款口播（500以上点赞）,,,,0
如何让自己有花不完钱?,爆款口播（500以上点赞）,,,,0
"春天开运的秘密,99%的人都不知道,",爆款口播（500以上点赞）,,,,0
"立春时节万象新,愿你福运连连",爆款口播（500以上点赞）,,,,0
钱财被骗竟然是好事,爆款口播（500以上点赞）,,,,0
你将越来越好你将否极泰来,爆款口播（500以上点赞）,,,,0
在家里不能犯得四个禁忌,爆款口播（500以上点赞）,,,,0
家里的植物应该怎么摆放,爆款口播（500以上点赞）,,,,0
腊月要做的三件事,爆款口播（500以上点赞）,,,,0
"今年大扫除的最佳日子
大扫除要说这几句吉祥话",爆款口播（500以上点赞）,,,,0
2026所有女人多戴一个颜色,泰富手链,,,,0
2026 搞事业女人要有的一个东西。,泰富手链,,,,0
"生意人上班族,戴什么样的饰品最旺?",泰富手链,,,,0
"清明前后昏昏沉沉,试试这一招",柚来财香水,,,,0
"出现六个征兆,一定要注意!",柚来财香水,,,,0
为什么身上要有淡淡香味？,柚来财香水,,,,0
出门前记得带瓶水!,柚来财香水,,,,0
2026年这个地方要格外注意,柚来财香水,,,,0
#好物 #香水,柚来财香水,,,,0
人无横财不富，马无夜草不肥,柚来财香水,,,,0
2026用这个给自己换个状态,柚来财香水,,,,0
越倒霉的时候越要给自己买礼物,柚来财香水,,,,0
不是大牌买不起而是柚叶更有性价比,柚来财香水,,,,0
出现6种情况女人要当心,柚来财香水,,,,0
女人想越来越好，切记不要有这三点,柚来财香水,,,,0
女人跟着泰哥选对香。,柚来财香水,,,,0
女人如何去做人生才能支棱起来？,柚来财香水,,,,0
为什么女人身上要有香味？,柚来财香水,,,,0
为什么这个香水很多人说好,柚来财香水,,,,0
你的偏米米将越来越好,柚来财香水,,,,0
出门住酒店，注意这几件事！,柚来财香水,,,,0
出门前一个动作偏米越来越多,柚来财香水,,,,0
如何能让偏米越来越好,柚来财香水,,,,0
中元节前后多做一个动作,柚来财香水,,,,0
"中元节晚上,不要去这五个地方!",柚来财香水,,,,0
为什么农历七月女人孩子注意,柚来财香水,,,,0
中元节不能去哪五个地方,柚来财香水,,,,0
出现六个征兆一定要注意,柚来财香水,,,,0
近期状态不好喷它试一试,柚来财香水,,,,0
为何气味对状态影响这么大！,柚来财香水,,,,0
出现六个情况千万要注意,柚来财香水,,,,0
如何让偏米越来越好,柚来财香水,,,,0
出现6个信号担心别人借运,柚来财香水,,,,0
"心力弱y气重的女生,泰哥教你用一招",柚来财香水,,,,0
"每天喷一喷,横米越来越多",柚来财香水,,,,0
如何让自己拥有大偏财运,柚来财香水,,,,0
早晨一个动作横米越来越多,柚来财香水,,,,0
心力弱阴气重试试这一招,柚来财香水,,,,0
状态不好没灵感一招教你解决,柚来财香水,,,,0
远离三种相人生越来越旺,柚来财香水,,,,0
所有女性毒五月要格外注意了,柚来财香水,,,,0
用好这个方法人生持续上升,柚来财香水,,,,0
出现这些信号女人要千万注意,柚来财香水,,,,0
谈大生意之前要做哪个动作,柚来财香水,,,,0
"每天持续用一招,2025惊喜不断",柚来财香水,,,,0
"近期状态不好,试试这一招!",柚来财香水,,,,0
简单的三招教你走出低谷期,柚来财香水,,,,0
泰哥做重要事前，都做什么动作？,柚来财香水,,,,0
一个简单的动作提升做事成功率。,柚来财香水,,,,0
每天涂一涂人生直线上升,柚来财香水,,,,0
广东富豪那么多到底是什么原因,柚来财香水,,,,0
"去医院和某些地方后,记得",柚来财香水,,,,0
五月这个动作都要学起来 #国学文化 #智慧人生 #提升,柚来财香水,,,,0
当你看到这条视频时，就是时来运转之时。,柚来财香水,,,,0
女性额头点一点好运好事自然来,柚来财香水,,,,0
"去医院看朋友,记得做这个动作,",柚来财香水,,,,0
"额头点一点,好耘自然来",柚来财香水,,,,0
"远离三种“相”,愿你2025越来越好!",柚来财香水,,,,0
出门前简单三招，好事你想不到,柚来财香水,,,,0
如果家里总是这样，可得注意了。,遇水则发地垫,,,,0
什么方法洗澡越洗越有,遇水则发地垫,,,,0
今年家里这款地垫安排上,遇水则发地垫,,,,0
今年这个在家偷偷放起来,遇水则发地垫,,,,0
今年咱家里也要养一种花,遇水则发地垫,,,,0
偷偷放个东西,遇水则发地垫,,,,0
家里有卫生间的注意,遇水则发地垫,,,,0
家里总吵架试试这个地垫,遇水则发地垫,,,,0
卫生间门口应该放什么,遇水则发地垫,,,,0
洗澡竟然能越洗越有,遇水则发地垫,,,,0
富豪家的共同点刷到照做,遇水则发地垫,,,,0
今年家里多养一种花,遇水则发地垫,,,,0
今年家家户户一定要养一种花,遇水则发地垫,,,,0
"2026要格外注意,家里这个地方",遇水则发地垫,,,,0
"2026家里这个位置,一定要重视起来",遇水则发地垫,,,,0
家里洗澡这个地方到底有多重要,遇水则发地垫,,,,0
如何提升自己的气质?,凤九狐狸吊坠,,,,0
#好物 #吊坠,凤九狐狸吊坠,,,,0
"李姐做了什么,老公大变样?",凤九狐狸吊坠,,,,0
女人的包包千万处理好,流沙钥匙扣,,,,0
女人的包包千万处理好,流沙钥匙扣,,,,0
女人留不住钱，试试这样做！,财箱包,,,,0
#好物 #包包 #財箱包,财箱包,,,,0
#好物 #包包 #財箱包,财箱包,,,,0
#好物 #包包 #財箱包,财箱包,,,,0
#好物 #包包 #財箱包,财箱包,,,,0
#好物 #包包 #財福包,财箱包,,,,0
2026所有女人包包里装一物,财箱包,,,,0
女人年底如何做2026压满仓,财箱包,,,,0
为什么富婆明星那么爱买包包,财箱包,,,,0
泰哥教你一个大米的真相,财箱包,,,,0
富婆在背什么样的包包,财箱包,,,,0
女人买包的快乐你知道吗！,财箱包,,,,0
女人除夕过后有三不买,财箱包,,,,0
你知道吗？原来包包也有公母,财箱包,,,,0
新一年姐妹给自己买个新包,财箱包,,,,0
女人年底背这个包包！,财箱包,,,,0
一招教你往上翻一番,财箱包,,,,0
再没实力都要准备这样一个包,财箱包,,,,0
富婆都在背的包包究竟是什么,财箱包,,,,0
富婆在背什么样的包包,财箱包,,,,0
元旦过后女人有三不买,财箱包,,,,0
新年翻一番 教你一个妙招,财箱包,,,,0
富婆都在用的财箱 让你明年翻一番,财箱包,,,,0
泰哥新款包包用了都说好！,财箱包,,,,0
女人买包的快乐你知道吗！#好物 #包包 #財箱包,财箱包,,,,0
女人年底背这个包包！#好物 #財箱包,财箱包,,,,0
多用一个颜色的财箱,财箱包,,,,0
美女粉丝背包半个月，惊喜连连。,财箱包,,,,0
女人2026如何翻一番,财箱包,,,,0
年底想翻番，试试这个包。,财箱包,,,,0
泰哥这款包包为何这么好,财箱包,,,,0
为什么元旦当天床头要放一物,财箱包,,,,0
年底小妙招，米米翻番,财箱包,,,,0
女人不要买二手奢侈品包包,财箱包,,,,0
大家都在背这个包到底好在哪？,财箱包,,,,0
女人多配这个包包!,财箱包,,,,0
配上这个材箱真的能翻几番？,财箱包,,,,0
"泰哥这个新款包包,为何这么好?",财箱包,,,,0
"年底想翻番,试试这个包",财箱包,,,,0
泰哥新款包包到底好在哪！#包包 #财箱包,财箱包,,,,0
到底是什么包包富婆都说好！#好物 #包包 #财箱包,财箱包,,,,0
手机上一定要贴现在还来得及,财福芦,,,,0
为什么年底要贴这个手机贴！,财福芦,,,,0
"美女粉丝给手机穿新衣,惊喜连连",财福芦,,,,0
富豪们年底都会做的一件事,财福芦,,,,0
"年底手机穿新衣,2026开好头",财福芦,,,,0
年底手机要注意！,财福芦,,,,0
所有女人元旦送自己一份礼物,2026年新年喜庆红包,,,,0
所有女人元旦送自己一份礼物,2026年新年喜庆红包,,,,0
什么戒指戴过都说好？,宝凤凰戒指,,,,0
2026女人要格外注意这两件事,宝凤凰戒指,,,,0
从冬至开始穿着打扮要与时代同频。,宝凤凰戒指,,,,0
"为何女人再没钱,也要戴戒指",宝凤凰戒指,,,,0
2026 多用一个图案，你的人生也能绽放。,宝凤凰戒指,,,,0
"40岁的女人,戴戒指的三大原则!",宝凤凰戒指,,,,0
为什么女人要多戴首饰,宝凤凰戒指,,,,0
富婆女老板都在戴什么首饰,宝凤凰戒指,,,,0
2026女人要注意两件事,宝凤凰戒指,,,,0
真正的富婆都是戴什么戒指,宝凤凰戒指,,,,0
2026 不管男人女人多用一个图案。,宝凤凰戒指,,,,0
女人同龄且显老是首饰选错了,宝凤凰戒指,,,,0
女人的戒指应该怎么选,宝凤凰戒指,,,,0
女人过四十记住这三个原则,宝凤凰戒指,,,,0
女人戴戒指就戴这种！,宝凤凰戒指,,,,0
富婆出门都戴什么戒指！,宝凤凰戒指,,,,0
富婆都是戴什么首饰,宝凤凰戒指,,,,0
为什么富婆都不戴黄金戒指,宝凤凰戒指,,,,0
为何富婆把戒指戴在右手中指,宝凤凰戒指,,,,0
想赚钱的女人可别错过这个,宝凤凰戒指,,,,0
女人一定要多戴这种首饰,宝凤凰戒指,,,,0
女人的首饰应该怎么选,宝凤凰戒指,,,,0
女人这几款戒指千万不要戴,宝凤凰戒指,,,,0
女人要选什么戒指？,宝凤凰戒指,,,,0
女人要多戴！,宝凤凰戒指,,,,0
为什么元旦后家里要点蜡烛,紫聚宝蜡烛,,,,0
为什么元旦当天家里要点蜡烛,紫聚宝蜡烛,,,,0
元旦做件事给新年开好头,紫聚宝蜡烛,,,,0
元旦前后这几天一定要把握住,紫聚宝蜡烛,,,,0
"今年的除夕夜,记得点蜡烛!",紫聚宝蜡烛,,,,0
泰哥怒斥假货太过分，正品认准南心合一。,紫聚宝蜡烛,,,,0
冬至前后这一物要点上,紫聚宝蜡烛,,,,0
今年除夕夜这个东西要用上,紫聚宝蜡烛,,,,0
紫聚宝蜡烛，这个冬天用起来,紫聚宝蜡烛,,,,0
今年立冬后这件事坚持做,紫聚宝蜡烛,,,,0
立冬快到了，试试这个,紫聚宝蜡烛,,,,0
想赚钱的女人可别错过这个,紫来彩戒指,,,,0
没质感的首饰女人千万别戴,紫来彩戒指,,,,0
为什么那些老板都会去戴紫水晶,紫来彩戒指,,,,0
富婆戴戒指喜欢戴哪个手指,紫来彩戒指,,,,0
为什么那些女老板都会去戴紫水晶,紫来彩戒指,,,,0
教你一个提升自身魅力的妙招！,紫来彩戒指,,,,0
这几类女人该怎么选戒指,紫来彩戒指,,,,0
为什么很多女人喜欢戴这个？,紫来彩戒指,,,,0
戒指戴得好财富少不了,紫来彩戒指,,,,0
"蛇年必戴,紫来彩戒指",紫来彩戒指,,,,0
这几类女人为什么不能随便戴戒指,紫来彩戒指,,,,0
女人如何选择合适的戒指,紫来彩戒指,,,,0
"戴戒指别太随意,选择适合自己的!",紫来彩戒指,,,,0
女人戴戒指应该如何选择,紫来彩戒指,,,,0
为何富婆把戒指戴右手中指,紫来彩戒指,,,,0
真正有品位的在背什么包包!,大财包,,,,0
女人的气质不要被大牌困住,大财包,,,,0
聪明的女人都在这样守护财富。,大财包,,,,0
这个包包背过的都说好,大财包,,,,0
女人多买包到底有没有用,大财包,,,,0
这个包包背过的都说好,大财包,,,,0
女人的气质不要被大牌困住,大财包,,,,0
为什么泰哥这款財福包这么受欢迎！,大财包,,,,0
包包怎么选！,大财包,,,,0
女人到底应该背什么样的包包,大财包,,,,0
女人到底应该背什么样的包包,大财包,,,,0
进入农历七月，家家户户都要做一件事,九紫财香,,,,0
农历七月为了家人要注意,九紫财香,,,,0
农历五月做好三件事，2025 福气满满。,九紫财香,,,,0
被别人借运了怎么办,九紫财香,,,,0
清明出去旅游一定要带着它,九紫财香,,,,0
清明节祭祖后回家要做一件事,九紫财香,,,,0
清明节祭祖回来做一个动作,九紫财香,,,,0
这八种情况一定要点香,九紫财香,,,,0
三九天的时候 要在家里做一个动作,九紫财香,,,,0
农历五月千万要注意一个细节,九紫财香,,,,0
元旦一定要做个动作,九紫财香,,,,0
夫妻关系不和一定要用它,葫芦,,,,0
床头朝西如何调整,葫芦,,,,0
蛇年床头朝西，应该如何调整,葫芦,,,,0
哪五样东西不能放门口,葫芦,,,,0
农历五月为何用它来“武装”自己,走运袜,,,,0
今年春联如何选?,凤凰纳财对联,,,,0
今年对联怎么贴,凤凰纳财对联,,,,0
今年这两种对联看看你家有没有,凤凰纳财对联,,,,0
2026千万不能贴这两种对联,凤凰纳财对联,,,,0
哪几种对联过年千万不要贴,凤凰纳财对联,,,,0
小年前家家户户记得放一物,凤凰纳财对联,,,,0
今年除夕哪些需要格外注意,凤凰纳财对联,,,,0
小年前家家户户记得放一物,凤凰纳财对联,,,,0
为什么今年除夕要格外注意,凤凰纳财对联,,,,0
"春联,什么时间贴最好?",凤凰纳财对联,,,,0
为什么这个对联要提前备！,凤凰纳财对联,,,,0
2026家门口怎么布置！,凤凰纳财对联,,,,0
为什么对联要提前选好,凤凰纳财对联,,,,0
生僻字对联千万不要贴,凤凰纳财对联,,,,0
为什么元旦后家里要放这个,凤凰纳财对联,,,,0
2026年的对联千万不要贴错了,凤凰纳财对联,,,,0
今年除夕一定要格外注意！,凤凰纳财对联,,,,0
为什么对联要提前调好,凤凰纳财对联,,,,0
为什么元旦后家里要放这个,凤凰纳财对联,,,,0
春联很重要一定要选好,凤凰纳财对联,,,,0
"2026双火年,家里春联该如何选择",凤凰纳财对联,,,,0
为什么元旦后家里要放这个,凤凰纳财对联,,,,0
为什么对联一定要提前选好,凤凰纳财对联,,,,0
"家里的旧春联,该如何处理?",凤凰纳财对联,,,,0
今年贴春联，这三种不要再贴了！,凤凰纳财对联,,,,0
春联有三不贴，你一定要重视！,凤凰纳财对联,,,,0
"家里的旧春联,该如何处理?",凤凰纳财对联,,,,0
大年三十多做这几件事！,凤凰纳财对联,,,,0
贴春联三禁忌你家别踩坑,凤凰纳财对联,,,,0
女人的首饰如何选对,火凤凰手链,,,,0
立冬前后抓紧找到好朋友,火凤凰手链,,,,0
女人不用动脸!,灵狐凤九贴,,,,0
"为何很多女明星演完,这个变得越来越顺?",灵狐凤九贴,,,,0
包包里放这个东西！#凤九,灵狐凤九贴,,,,0
为何小姐姐的智慧灵性变的越来越高？,灵狐凤九贴,,,,0
女人想要提升魅力其实很简单,灵狐凤九贴,,,,0
女人如何才能脱胎换骨,灵狐凤九贴,,,,0
老公在外面有4-1怎么办,灵狐凤九贴,,,,0
灵性越来越高，试试这个东西！,灵狐凤九贴,,,,0
你将越来越漂亮,灵狐凤九贴,,,,0
简单的一招提升气质和灵性,灵狐凤九贴,,,,0
如何提升自己的气质?# 女性必看 # 精致好物 # 好物推荐 # 气质,灵狐凤九贴,,,,0
"女人如何越来越漂亮,灵性越来越高",灵狐凤九贴,,,,0
喜欢内耗的女人应该怎么办,灵狐凤九贴,,,,0
三个简单方法教你变美变年轻,灵狐凤九贴,,,,0
女人如何才能越来越漂亮,灵狐凤九贴,,,,0
"女人如何越来越漂亮,越来越有灵性",灵狐凤九贴,,,,0
你将越来越漂亮越来越有智慧,灵狐凤九贴,,,,0
2026多用这一个密码,新灶台贴,,,,0
小年前厨房灶台怎么贴,新灶台贴,,,,0
这样的灶台贴就算白送也不要贴。,新灶台贴,,,,0
立春前记得贴上灶爷爷贴纸,新灶台贴,,,,0
厨房灶台为什么要用这个,新灶台贴,,,,0
2026家家户户灶台记得贴一物,新灶台贴,,,,0
2026多用这一个密码,新灶台贴,,,,0
小年这天为什么要贴,新灶台贴,,,,0
"年底厨房要注意,做好这四步!",新灶台贴,,,,0
"厨房五不要,要格外注意!",新灶台贴,,,,0
家里电箱煤气灶多做这个动作,新灶台贴,,,,0
"小年迎灶神爷爷,2026状态满满!",新灶台贴,,,,0
家里电箱煤气灶多做这个动作,新灶台贴,,,,0
女人不要拎假包,財福水桶包,,,,0
到底是什么包包背着都说好,財福水桶包,,,,0
到底是什么包包背过都说好,財福水桶包,,,,0
女人有米无库难怪你会存不住,財福水桶包,,,,0
到底什么包包背着都说好,財福水桶包,,,,0
女人年底剩不下钱如何调整,財福水桶包,,,,0
这几种包包女人可别随便背,財福水桶包,,,,0
为什么你总是存不住米米,財福水桶包,,,,0
女人多买包包竟然有那么多好处,財福水桶包,,,,0
夫妻房间不放这四样东西,財福水桶包,,,,0
所有美女重视起来！,財福水桶包,,,,0
女人有米无库难怪你会存不住,財福水桶包,,,,0
这几种包包女人可别随便背,財福水桶包,,,,0
"下半年存不住財,要如何调整?",財福水桶包,,,,0
下半年出门一定要拎着它,財福水桶包,,,,0
寒露以后出门要背它,財福水桶包,,,,0
月底剩不下钱，该如何调整？,財福水桶包,,,,0
农历8月份多买这个东西！,財福水桶包,,,,0
女人一定要多买包包。,財福水桶包,,,,0
女人都爱的包包！,財福水桶包,,,,0
女人包包有五种不要乱背。,財福水桶包,,,,0
下半年，女人切记多买一样物品,財福水桶包,,,,0
为何女人要多买包包？,財福水桶包,,,,0
月底剩不下钱，该如何调整？,財福水桶包,,,,0
为什么这么多富婆喜欢这个包包？,財福水桶包,,,,0
为什么很多富婆都喜欢买包包？,財福水桶包,,,,0
女人为什么要多给自己买包？,財福水桶包,,,,0
为何包包越多米米就越多,財福水桶包,,,,0
哪五种包包千万不要背,財福水桶包,,,,0
女人一定要多买包包！,財福水桶包,,,,0
女人要多买哪一样东西,財福水桶包,,,,0
女人存不住钱看看包包选对没,財福水桶包,,,,0
试试这个东西！,財福水桶包,,,,0
女人什么越多米米就会变多,財福水桶包,,,,0
下半年女人如何挑选包包,財福水桶包,,,,0
农历八月中秋要给自己买个包,財福水桶包,,,,0
"2025下半年,要多用一个颜色",抱枕,,,,0
新年家里公司多用一个颜色,抱枕,,,,0
农历五月为何要多用紫色抱枕？,抱枕,,,,0
农历五月为何要多用紫色抱枕,抱枕,,,,0
紫色靠山抱枕到底有多好,抱枕,,,,0
手机后面放现金 别再犯傻了,发财树手机贴,,,,0
手机后面放现金 别再犯傻了,发财树手机贴,,,,0
普通人手机后边放什么更招米,发财树手机贴,,,,0
普通人手机后边别放这个了。,发财树手机贴,,,,0
手机壳后面可以放钱吗,发财树手机贴,,,,0
家里有镜子的注意！,泰有福镜子贴,,,,0
"2025下半年,记得做一个动作",泰有福镜子贴,,,,0
照镜子竟然能把想要的生活照进现实,泰有福镜子贴,,,,0
中秋节前后家里，镜子上记得贴这个。,泰有福镜子贴,,,,0
为什么家里镜子要贴这个东西,泰有福镜子贴,,,,0
车牌有这些数字一定要注意,3949车贴,,,,0
开车出问题试试这一招,3949车贴,,,,0
你的车牌号有这些数字吗,3949车贴,,,,0
"为何车牌号有0有5,一定要重视起来?",3949车贴,,,,0
车牌有这些数字一定要注意,3949车贴,,,,0
检查下你的车牌有没有这些数字,3949车贴,,,,0
简单的动作你也可以走大运,蜡烛,,,,0
你该转运了,蜡烛,,,,0
端午前后用一招调成吸金体质。,蜡烛,,,,0
粉丝宝宝是如何心想事成的,蜡烛,,,,0
"清明节女人祭祖回来,不要忘记做这件事",蜡烛,,,,0
二月二龙抬头记得做这件事！,蜡烛,,,,0
元宵节快到了记得做这件事,蜡烛,,,,0
除夕夜三讲究，2025平安快乐,蜡烛,,,,0
今年元旦不一般 一定要把握住,蜡烛,,,,0
为何大年三十初一只干一件事情！,蜡烛,,,,0
冬至这一天一定要做一件事,蜡烛,,,,0
冬至快到了这个动作一定要做,蜡烛,,,,0
马上元旦了如何辞旧迎新,蜡烛,,,,0
元宵节记得做这件事!,蜡烛,,,,0
二月二千万别忘记做这件事!,蜡烛,,,,0
女人应该如何挑选适合的项链！,紫来彩葫芦项链,,,,0
女人想赚钱拼事业试试这样做,紫来彩葫芦项链,,,,0
女人下半年都要戴什么首饰,紫来彩葫芦项链,,,,0
想图个福禄双全试试这个葫芦项链,紫来彩葫芦项链,,,,0
女人戴项链应该如何选择,紫来彩葫芦项链,,,,0
什么样的耳饰不张扬且有高级感?,紫来彩耳钉,,,,0
耳饰选对了，真的能魅力加分！,紫来彩耳钉,,,,0
有耳洞的女人该如何选择耳钉,紫来彩耳钉,,,,0
为什么耳洞不能空着,紫来彩耳钉,,,,0
为什么耳洞不能让它空着,紫来彩耳钉,,,,0
"女人想要旺财运,泰哥教你一个动作",紫来彩耳钉,,,,0
家里哪个东西对女人伤害很大,莲花鲤鱼贴,,,,0
家里总是吵架，泰哥教你一个方法。,莲花鲤鱼贴,,,,0
洗衣机在厕所这个动作不要忘,莲花鲤鱼贴,,,,0
有钱人在家里都在家里偷偷贴什么？,莲花鲤鱼贴,,,,0
家里总是吵架，泰哥教你一个方法。,莲花鲤鱼贴,,,,0
有钱人都在家里偷偷贴什么,莲花鲤鱼贴,,,,0
"女人调整好家里三个位置,2025福气满满!",莲花鲤鱼贴,,,,0
别人都在发财，真实原因在这。,莲花鲤鱼贴,,,,0
鞋放三处家中难富,莲花鲤鱼贴,,,,0
所有的女人注意家里三个地方,莲花鲤鱼贴,,,,0
总跟老公吵架试试这一招,莲花鲤鱼贴,,,,0
所有女人要注意家里的这个东西,莲花鲤鱼贴,,,,0
家里卫生间你要处理好才行,莲花鲤鱼贴,,,,0
偷偷的告诉你卫生间切记贴这个。,莲花鲤鱼贴,,,,0
为什么要偷偷在卫生间贴上它,莲花鲤鱼贴,,,,0
所有女人要注意家里的这个东西,莲花鲤鱼贴,,,,0
家中鞋柜三不放，2025 福气满满。,莲花鲤鱼贴,,,,0
家中这三个地方不要放鞋子,莲花鲤鱼贴,,,,0
夫妻经常吵架试试这一招,莲花鲤鱼贴,,,,0
家里总是争吵不断，试试这个办法！,莲花鲤鱼贴,,,,0
为什么开门不能见鞋柜和厕所,莲花鲤鱼贴,,,,0
为什么女人要注意这个地方,莲花鲤鱼贴,,,,0
想要好运连连.记住这一招,莲花鲤鱼贴,,,,0
女人一定要注意！,莲花鲤鱼贴,,,,0
"鞋不放三处,富贵永不愁!",莲花鲤鱼贴,,,,0
哪三个地方不能放鞋子,莲花鲤鱼贴,,,,0
经常和老公吵架该怎么解决,莲花鲤鱼贴,,,,0
家里哪个东西对女人伤害很大,莲花鲤鱼贴,,,,0
"很多人家里的大问题,都来自于这个地方",莲花鲤鱼贴,,,,0
"为什么洗衣机
对女性伤害很大",莲花鲤鱼贴,,,,0
进门见鞋柜厕所对我们有什么影响？,莲花鲤鱼贴,,,,0
为什么家里的洗衣机一定要重视起来?,莲花鲤鱼贴,,,,0
富贵人家都在这样调整门口鞋柜,莲花鲤鱼贴,,,,0
进门鞋柜厕所的快这样调整,莲花鲤鱼贴,,,,0
家里的洗衣机应该放在哪,莲花鲤鱼贴,,,,0
为何女人要注意家里的洗衣机,莲花鲤鱼贴,,,,0
哪两样东西不能在家门口,莲花鲤鱼贴,,,,0
进门鞋柜厕所的快这样调整,莲花鲤鱼贴,,,,0
家门口千万不要犯的两个禁忌,莲花鲤鱼贴,,,,0
洗衣机在厕所的一定要注意了,莲花鲤鱼贴,,,,0
洗衣机的摆放有什么讲究,莲花鲤鱼贴,,,,0
大门口有鞋柜应该如何解决,莲花鲤鱼贴,,,,0
为什么进门见厕所，财富见了躲？,莲花鲤鱼贴,,,,0
家门口千万不能犯的两个禁忌,莲花鲤鱼贴,,,,0
为什么家里厕所要贴上它,莲花鲤鱼贴,,,,0
洗手间位置不好应该怎么处理,莲花鲤鱼贴,,,,0
为何厕所和鞋柜一定要贴它,莲花鲤鱼贴,,,,0
入户门对着厕所应该如何解决,莲花鲤鱼贴,,,,0
"进门见厕所,财富见了躲",莲花鲤鱼贴,,,,0
家里有样东西，千万不要忽略,莲花鲤鱼贴,,,,0
家里有样东西，千万不要忽略,莲花鲤鱼贴,,,,0
门牌号有0有5千万要注意,3949门牌贴,,,,0
"大门对楼梯间,应该怎么办?",3949门牌贴,,,,0
门牌号有0有5一定要注意,3949门牌贴,,,,0
门口贴这个门牌究竟有多好,3949门牌贴,,,,0
到底是什么东西富豪们都在用,3949门牌贴,,,,0
2025年大门上一定要贴上它,3949门牌贴,,,,0
贴了这个门牌发生了什么变化,3949门牌贴,,,,0
贵气的门牌贴你也值得拥有,3949门牌贴,,,,0
为什么家里要贴门牌贴,3949门牌贴,,,,0
贴了3949门牌发生了什么变化,3949门牌贴,,,,0
偷偷的告诉你年底3949门牌贴起来,3949门牌贴,,,,0
简单的一招你也能暴富,九紫摇钱树,,,,0
床头不能放哪五样东西,九紫摇钱树,,,,0
门口放一物来米又暴富,九紫摇钱树,,,,0
大富豪家里都会放什么东西,九紫摇钱树,,,,0
做生意的如何让客户越来越多,九紫摇钱树,,,,0
用这个方法一不小心就暴富,九紫摇钱树,,,,0
"泰哥教你一招,助力你下半年腾飞!",九紫摇钱树,,,,0
如何让大客户越来越多,九紫摇钱树,,,,0
大姐用了摇钱树为什么如此兴奋,九紫摇钱树,,,,0
"端午之前用一物,财富自然来",九紫摇钱树,,,,0
店铺生意好不好看一个摆件就知道,九紫摇钱树,,,,0
如何收获自己的好运与幸福,九紫摇钱树,,,,0
哪些东西不能放在床头,九紫摇钱树,,,,0
为什么每个地方都要摆上它？,九紫摇钱树,,,,0
桌上放一物，招米又暴富！,九紫摇钱树,,,,0
多用摇钱树一天比一天富,九紫摇钱树,,,,0
如何让大客户越来越多,九紫摇钱树,,,,0
偷偷的告诉你如何让大客户越来越多。,九紫摇钱树,,,,0
公司店铺放什么最容易招贝才旺耘？,九紫摇钱树,,,,0
"为什么九紫摇钱树,越摇越有财",九紫摇钱树,,,,0
泰哥给大家推荐一个实打实的好东西,九紫摇钱树,,,,0
想暴富多玩摇钱树,九紫摇钱树,,,,0
家有摇钱树，米米挡不住,九紫摇钱树,,,,0
你的家里放摇钱树了吗,九紫摇钱树,,,,0
桌上放一物爆单又暴富,九紫摇钱树,,,,0
为什么粉丝宝宝一次要99棵,九紫摇钱树,,,,0
家有摇钱树不富也得富,九紫摇钱树,,,,0
你家有摇钱树吗,九紫摇钱树,,,,0
摇钱树可以放在哪里,九紫摇钱树,,,,0
普通人一定要把这个带回家！,九紫摇钱树,,,,0
刷到这条视频的把这个带回家！！！,九紫摇钱树,,,,0
富豪家有的你也要用起来,九紫摇钱树,,,,0
2025二月二如何开个好头？,九紫摇钱树,,,,0
新年新气象每天记得摇一摇,九紫摇钱树,,,,0
2025年你将财源滚滚,九紫摇钱树,,,,0
"重视一个地方,让你钱包满满!",九紫摇钱树,,,,0
"摇钱树摆得好,招财又进宝",九紫摇钱树,,,,0
有钱人家里都有一样物品,九紫摇钱树,,,,0
"客厅见树,十有九富",九紫摇钱树,,,,0
"家有摇钱树,不富也得富",九紫摇钱树,,,,0
手机壳里面为什么不能放钱,天官赐福贴,,,,0
为何手机壳后面不能放钱,天官赐福贴,,,,0
快试试这个东西！,天官赐福贴,,,,0
手机号有0有5一定要注意,天官赐福贴,,,,0
"为何从古至今,大富豪都重视门口?",天官赐福贴,,,,0
毒五月之前要把香包挂起来,五色葫芦香包,,,,0
端午带着它，好韵追你跑！,五色葫芦香包,,,,0
端午来临前有样东西要挂上,五色葫芦香包,,,,0
女神节用好一招暴富又好运,紫水暴富手链,,,,0
出门一个动作你也能否极泰来,泰火墨镜,,,,0
接近好的物品.就能吸引好的事物!,泰火墨镜,,,,0
什么是心灯怎么保护心灯,泰火墨镜,,,,0
为什么明星富豪出门都戴墨镜?,泰火墨镜,,,,0
枕头和地垫下为什么要放它,五帝钱,,,,0
枕头下放一物钱越来越多,五帝钱,,,,0
"枕头底下和门口垫子下,记得放一样东西",五帝钱,,,,0
枕头下放一物米米多多暴富,五帝钱,,,,0
为什么要带这把金钥匙,生肖钥匙扣,,,,0
锁住财富，开启幸福,生肖钥匙扣,,,,0
身上戴一物愿你越来越有钱,生肖钥匙扣,,,,0
家里不存财记住这一招,万三聚宝盆,,,,0
没事敲敲它家里财源滚滚,万三聚宝盆,,,,0
"家里不存财,记住这一招",万三聚宝盆,,,,0
手机号有0有5一定要用它,财五爷手机贴,,,,0
一个简单的方法让你破茧成蝶。,破茧成蝶戒指,,,,0
"女人饰品要注意,颜色选择很重要",破茧成蝶戒指,,,,0
一个小妙招教你变美变漂亮,破茧成蝶戒指,,,,0
你知道戒指戴在那个指头吗,破茧成蝶戒指,,,,0
女人的戒指应该戴在哪个手指,破茧成蝶戒指,,,,0
女人佩戴戒指应该如何选择,破茧成蝶戒指,,,,0
常戴的首饰坏了是好还是坏,破茧成蝶戒指,,,,0
蝴蝶配饰竟也能影响运势,破茧成蝶戒指,,,,0
"戒指戴的好,福气财气少不了",破茧成蝶戒指,,,,0
普通人手机后面不要放这个！,财库手机贴,,,,0
你不发大财真的天理不容,财库手机贴,,,,0
手机号有0和5一定要注意了,财库手机贴,,,,0
一招教你解决存住钱的难题,财库手机贴,,,,0
手机号有0有5一定要用它,财库手机贴,,,,0
为什么2025年要贴财库贴,财库手机贴,,,,0
手机壳里一定要放这个东西！,财库手机贴,,,,0
"调整好你的手机,2025下半年满满",五路财神手机链,,,,0
"简单用一招,下半年财气满满!",五路财神手机链,,,,0
简单一招教你如何驾驭财富,五路财神手机链,,,,0
想发財的赶紧用起来这个东西！,五路财神手机链,,,,0
你将有横米你将暴富,五路财神手机链,,,,0
如何让自己有横财,五路财神手机链,,,,0
你将有横米你将暴富,五路财神手机链,,,,0
元宵节小妙招错过等一年,红包,,,,0
除夕这样做幸福幸运一整年,红包,,,,0
孩子学习不认真我们该怎么办,文昌贴,,,,0
手机号码0多5多该怎么办,文昌贴,,,,0
家里打扫卫生千万注意一个细节,香片,,,,0
富贵 人家都在用的一个小物件,香片,,,,0
你买的对联真的对吗？,2024年对联,,,,0
泰哥祝你2025巳巳如意,2024年对联,,,,0
2025还不知道贴什么对联的看过来！,2024年对联,,,,0
今年很特殊，三点要注意！,2024年对联,,,,0
2025新年贴泰哥这款对联！,2024年对联,,,,0
今年没有年三十对联应该怎么贴,2024年对联,,,,3543
你真的知道如何正确选对联吗,2024年对联,,,,0
春联没贴对，一年都白费,2024年对联,,,,0
富婆都爱的对联年底抓紧抢,2024年对联,,,,1731
2025年贴春联最佳时间点,2024年对联,,,,0
有智慧的父母四布布置孩子房间,印章,,,,0
女人买什么包包米米越来越多,朱雀流沙钥匙扣,,,,0
随身米库三步走让你米米天天有,朱雀流沙钥匙扣,,,,0
"包包不存财,记住这一招",朱雀流沙钥匙扣,,,,0
新的一年一定要知道旧包包如何处理！,朱雀流沙钥匙扣,,,,0
新年旧包包应该怎样处理,朱雀流沙钥匙扣,,,,0
过年前女人先做一件事,朱雀流沙钥匙扣,,,,0
女人的包包一定要重视起来,朱雀流沙钥匙扣,,,,0
朱雀流沙钥匙扣该挂在哪里？,朱雀流沙钥匙扣,,,,0
冬至小妙招,朱雀流沙钥匙扣,,,,0
"女神节调整好包包,2025一路暴富",朱雀流沙钥匙扣,,,,0
立秋一个动作2025好运连连,拉吉袋,,,,0
女人多穿什么鞋容易米米多,拉吉袋,,,,0
"为何要在三伏天,清理家中这三种玩偶",拉吉袋,,,,0
农历六月大扫除为什么这么重要！,拉吉袋,,,,0
闰六月断舍离，真的不能这么轻易忽视！,拉吉袋,,,,0
闲置的鞋子该如何处理,拉吉袋,,,,0
女人多穿什么鞋会容易发财？,拉吉袋,,,,0
为何农历六月断舍离这么重要！,拉吉袋,,,,0
为什么孩子的旧物不能乱扔,拉吉袋,,,,0
旧鞋处理掉，每天事事又顺心,拉吉袋,,,,0
定时清理家中旧物，扔错还不如不扔,拉吉袋,,,,0
为什么女人不能攒鞋,拉吉袋,,,,0
哪样东西女人不能多买,拉吉袋,,,,0
旧的不去新的不来，清理旧物方法要对,拉吉袋,,,,0
旧物断舍离，扔错还不如不扔。,拉吉袋,,,,0
女人多穿什么鞋容易发大财,拉吉袋,,,,0
哪样东西不能放在孩子的床上,拉吉袋,,,,0
为什么毒五月一定要清理旧物,拉吉袋,,,,0
旧东西清理掉你想要的自然来,拉吉袋,,,,0
旧的不去，新的如何来呢？!,拉吉袋,,,,0
你总是存不住钱，原因到底在哪,拉吉袋,,,,0
"坏掉的公仔玩具,端午前后要赶紧处理掉!",拉吉袋,,,,0
端午节为什么要清理掉旧玩偶？,拉吉袋,,,,0
趁着端午节扔掉家里的公仔,拉吉袋,,,,0
坑人的产品最后会坑了自己,拉吉袋,,,,0
扔垃圾的时候心里默念几句话,拉吉袋,,,,0
"端午前后简单动作,让你越扔越有",拉吉袋,,,,0
端午节为什么要清理家中小动物,拉吉袋,,,,0
旧的不去新的不来，清理好家中旧物。,拉吉袋,,,,0
老人和孩子的旧物千万要处理好,拉吉袋,,,,0
偷偷告诉你旧枕头怎么扔,拉吉袋,,,,0
泰哥怒斥仿版垃圾袋质量不行卖消费者,拉吉袋,,,,0
端午除晦气，扔旧物迎好运！,拉吉袋,,,,0
旧衣服别随便扔 扔的方法要对,拉吉袋,,,,0
比被别人借运更可怕的是什么,拉吉袋,,,,0
睡觉的枕头为什么不能乱扔,拉吉袋,,,,0
旧毛巾旧牙刷千万别乱扔,拉吉袋,,,,0
孩子的公仔一定要处理好！,拉吉袋,,,,0
不要的旧物如何处理才能越扔越有？,拉吉袋,,,,0
用了拉吉袋吉事天天在,拉吉袋,,,,0
"女人切记这个行为,避免被别人借耘",拉吉袋,,,,0
家里剩饭剩菜这样处理对自己更好。,拉吉袋,,,,0
"正确处理旧衣旧包包,让你越扔越有",拉吉袋,,,,0
"立夏做一个动作,2025好运连连",拉吉袋,,,,0
怎么让旺财去你家里,拉吉袋,,,,0
用好这一招，助力你快速转耘！,拉吉袋,,,,0
"家里有一样东西,对福气孩子影响特别大",拉吉袋,,,,0
"不要的旧枕头,应该如何处理?",拉吉袋,,,,0
旧衣服塞满柜子会压住财运吗？,拉吉袋,,,,0
五一之前用一招，一整年见才气爆棚。,拉吉袋,,,,0
"如何处理家中旧物,才能越仍越有?",拉吉袋,,,,0
小孩的旧衣物应该怎么处理,拉吉袋,,,,0
不穿的旧衣服千万别乱扔,拉吉袋,,,,0
你要转运啦,拉吉袋,,,,0
你家有堆积如山的旧衣服吗?,拉吉袋,,,,0
堆成山的旧衣服，真的会影响米米,拉吉袋,,,,0
不穿的旧衣旧鞋怎么处理,拉吉袋,,,,0
如何扔旧物才能越扔越有,拉吉袋,,,,0
大富豪如何处理不要的东西,拉吉袋,,,,0
"处理好旧物,是转运最好的方法",拉吉袋,,,,0
"正确处理家中旧物,让你越扔越有",拉吉袋,,,,0
不穿的旧衣服应该怎么处理,拉吉袋,,,,0
不穿的旧衣服怎么处理,拉吉袋,,,,0
一物除去家中污秽，迎来好耘与喜庆,拉吉袋,,,,0
旧碗旧照片应该怎么处理,拉吉袋,,,,0
不用的旧物应该如何处理,拉吉袋,,,,0
不穿的旧衣服应该怎么处理?,拉吉袋,,,,0
"不穿的旧衣服旧鞋,应该如何处理?",拉吉袋,,,,0
富豪家不用的物品是怎么处理的?,拉吉袋,,,,0
包里放一物米多多暴富,亮眼好运喷雾,,,,0
眼睛就是女人的转韵开关！,亮眼好运喷雾,,,,0
"你将越来越漂亮,米米越来越多!",艾灸贴,,,,0
"老人小孩男人女人,三伏天切记做这个动作!",艾灸贴,,,,0
元气满满,艾灸贴,,,,0
如何每天保持精神饱满,艾灸贴,,,,0
一个小动作女人越来越漂亮,艾灸贴,,,,0
如何让下半年越过越好？,艾灸贴,,,,0
一个小妙招愿你越来越漂亮,艾灸贴,,,,0
到底什么东西小姐姐直呼惊喜,艾灸贴,,,,0
家里氛围不好，试试这个东西！,八宝葫芦贴,,,,0
米米留不住泰哥教你一招,八宝葫芦贴,,,,0
家里脾气大的用一下这个方法,八宝葫芦贴,,,,0
"教你一招,帮你锁住好运",八宝葫芦贴,,,,0
总是攒不住钱厨房贴它试一试,八宝葫芦贴,,,,0
孩子叛逆顶嘴，泰哥教你一招！,八宝葫芦贴,,,,0
脾气大的人泰哥教你一个方法,八宝葫芦贴,,,,0
钱总是留不住试试这一招,八宝葫芦贴,,,,0
"家里总是争吵不休,试试这一招!",八宝葫芦贴,,,,0
"火气大的人,泰哥教你用一招!",八宝葫芦贴,,,,0
如何让衣服自带体香,紫气富贵香片,,,,0
车里家里挂一物一不小心暴富,紫气富贵香片,,,,0
想要提升韵势，试试这个东西,紫气富贵香片,,,,0
调整一个地方你也能拥有富贵,紫气富贵香片,,,,0
"梅雨季节要来了,如何去除霉味?",紫气富贵香片,,,,0
